-- phpMyAdmin SQL Dump
-- version 5.1.1
-- https://www.phpmyadmin.net/
--
-- Host: 127.0.0.1
-- Generation Time: Mar 02, 2022 at 05:28 PM
-- Server version: 10.4.21-MariaDB
-- PHP Version: 7.4.24

SET SQL_MODE = "NO_AUTO_VALUE_ON_ZERO";
START TRANSACTION;
SET time_zone = "+00:00";


/*!40101 SET @OLD_CHARACTER_SET_CLIENT=@@CHARACTER_SET_CLIENT */;
/*!40101 SET @OLD_CHARACTER_SET_RESULTS=@@CHARACTER_SET_RESULTS */;
/*!40101 SET @OLD_COLLATION_CONNECTION=@@COLLATION_CONNECTION */;
/*!40101 SET NAMES utf8mb4 */;

--
-- Database: `crmlaravel`
--

-- --------------------------------------------------------

--
-- Table structure for table `audits`
--

CREATE TABLE `audits` (
  `id` bigint(20) UNSIGNED NOT NULL,
  `user_type` varchar(255) COLLATE utf8mb4_unicode_ci DEFAULT NULL,
  `user_id` bigint(20) UNSIGNED DEFAULT NULL,
  `event` varchar(255) COLLATE utf8mb4_unicode_ci NOT NULL,
  `auditable_type` varchar(255) COLLATE utf8mb4_unicode_ci NOT NULL,
  `auditable_id` bigint(20) UNSIGNED NOT NULL,
  `old_values` text COLLATE utf8mb4_unicode_ci DEFAULT NULL,
  `new_values` text COLLATE utf8mb4_unicode_ci DEFAULT NULL,
  `url` text COLLATE utf8mb4_unicode_ci DEFAULT NULL,
  `ip_address` varchar(45) COLLATE utf8mb4_unicode_ci DEFAULT NULL,
  `user_agent` varchar(1023) COLLATE utf8mb4_unicode_ci DEFAULT NULL,
  `tags` varchar(255) COLLATE utf8mb4_unicode_ci DEFAULT NULL,
  `created_at` timestamp NULL DEFAULT NULL,
  `updated_at` timestamp NULL DEFAULT NULL
) ENGINE=InnoDB DEFAULT CHARSET=utf8mb4 COLLATE=utf8mb4_unicode_ci;

--
-- Dumping data for table `audits`
--

INSERT INTO `audits` (`id`, `user_type`, `user_id`, `event`, `auditable_type`, `auditable_id`, `old_values`, `new_values`, `url`, `ip_address`, `user_agent`, `tags`, `created_at`, `updated_at`) VALUES
(1, 'App\\Models\\User', 1, 'created', 'App\\Models\\Organization', 1, '[]', '{\"name\":\"Test14222\",\"address\":\"Annanagar\",\"country_id\":106,\"state\":\"Tn\",\"city\":\"Chennai\",\"postalcode\":600026,\"created_by\":1,\"id\":1}', 'http://localhost/crmlaravel/organization/orgimport', '::1', 'Mozilla/5.0 (Windows NT 6.3; Win64; x64) AppleWebKit/537.36 (KHTML, like Gecko) Chrome/98.0.4758.82 Safari/537.36', NULL, '2022-02-18 13:47:42', '2022-02-18 13:47:42'),
(2, 'App\\Models\\User', 1, 'created', 'App\\Models\\Organization', 2, '[]', '{\"name\":\"Test1122\",\"address\":\"Annanagar\",\"country_id\":106,\"state\":\"Tn\",\"city\":\"Chennai\",\"postalcode\":600026,\"created_by\":1,\"id\":2}', 'http://localhost/crmlaravel/organization/orgimport', '::1', 'Mozilla/5.0 (Windows NT 6.3; Win64; x64) AppleWebKit/537.36 (KHTML, like Gecko) Chrome/98.0.4758.82 Safari/537.36', NULL, '2022-02-18 13:47:42', '2022-02-18 13:47:42'),
(3, 'App\\Models\\User', 1, 'updated', 'App\\Models\\Organization', 1, '{\"name\":\"Test14222\",\"updated_by\":null}', '{\"name\":\"Coderz\",\"updated_by\":1}', 'http://localhost/crmlaravel/organization/edit/1', '::1', 'Mozilla/5.0 (Windows NT 6.3; Win64; x64) AppleWebKit/537.36 (KHTML, like Gecko) Chrome/98.0.4758.82 Safari/537.36', NULL, '2022-02-18 13:48:03', '2022-02-18 13:48:03'),
(4, 'App\\Models\\User', 1, 'updated', 'App\\Models\\Organization', 2, '{\"name\":\"Test1122\",\"updated_by\":null}', '{\"name\":\"Vishak\",\"updated_by\":1}', 'http://localhost/crmlaravel/organization/edit/2', '::1', 'Mozilla/5.0 (Windows NT 6.3; Win64; x64) AppleWebKit/537.36 (KHTML, like Gecko) Chrome/98.0.4758.82 Safari/537.36', NULL, '2022-02-18 13:48:14', '2022-02-18 13:48:14'),
(5, 'App\\Models\\User', 1, 'created', 'App\\Models\\Contact', 1, '[]', '{\"name\":\"Test14222\",\"email\":\"test@gmail.com\",\"organization_id\":1,\"phone\":987666555,\"visiblity\":1,\"created_by\":1,\"id\":1}', 'http://localhost/crmlaravel/segment/contactimport', '::1', 'Mozilla/5.0 (Windows NT 6.3; Win64; x64) AppleWebKit/537.36 (KHTML, like Gecko) Chrome/98.0.4758.82 Safari/537.36', NULL, '2022-02-18 13:48:35', '2022-02-18 13:48:35'),
(6, 'App\\Models\\User', 1, 'created', 'App\\Models\\Contact', 2, '[]', '{\"name\":\"Test1122\",\"email\":\"test2@gmail.com\",\"organization_id\":1,\"phone\":988877611,\"visiblity\":2,\"created_by\":1,\"id\":2}', 'http://localhost/crmlaravel/segment/contactimport', '::1', 'Mozilla/5.0 (Windows NT 6.3; Win64; x64) AppleWebKit/537.36 (KHTML, like Gecko) Chrome/98.0.4758.82 Safari/537.36', NULL, '2022-02-18 13:48:35', '2022-02-18 13:48:35'),
(7, 'App\\Models\\User', 1, 'updated', 'App\\Models\\Contact', 2, '{\"name\":\"Test1122\",\"email\":\"test2@gmail.com\",\"organization_id\":1,\"updated_by\":null}', '{\"name\":\"User1\",\"email\":\"user1@gmail.com\",\"organization_id\":\"2\",\"updated_by\":1}', 'http://localhost/crmlaravel/contact/edit/2', '::1', 'Mozilla/5.0 (Windows NT 6.3; Win64; x64) AppleWebKit/537.36 (KHTML, like Gecko) Chrome/98.0.4758.82 Safari/537.36', NULL, '2022-02-18 13:49:02', '2022-02-18 13:49:02'),
(8, 'App\\Models\\User', 1, 'updated', 'App\\Models\\Contact', 1, '{\"name\":\"Test14222\",\"email\":\"test@gmail.com\",\"updated_by\":null}', '{\"name\":\"User\",\"email\":\"user@gmail.com\",\"updated_by\":1}', 'http://localhost/crmlaravel/contact/edit/1', '::1', 'Mozilla/5.0 (Windows NT 6.3; Win64; x64) AppleWebKit/537.36 (KHTML, like Gecko) Chrome/98.0.4758.82 Safari/537.36', NULL, '2022-02-18 13:49:26', '2022-02-18 13:49:26'),
(9, 'App\\Models\\User', 1, 'deleted', 'App\\Models\\Contact', 2, '{\"id\":2,\"name\":\"User1\",\"email\":\"user1@gmail.com\",\"organization_id\":2,\"owner_id\":null,\"subowner_id\":null,\"phone\":988877611,\"visiblity\":2,\"address\":null,\"directory\":null,\"image\":null,\"status\":\"\'active\'\",\"email_verified_status\":0,\"email_verified_at\":\"2022-02-19 00:49:02\",\"created_by\":1,\"updated_by\":1,\"deleted_by\":null}', '[]', 'http://localhost/crmlaravel/contact/delete/2?_token=GRQwi88b3PobqHNcmFWEd14ZFXK0GHEDtZCmFbYm', '::1', 'Mozilla/5.0 (Windows NT 6.3; Win64; x64) AppleWebKit/537.36 (KHTML, like Gecko) Chrome/98.0.4758.82 Safari/537.36', NULL, '2022-02-18 13:49:34', '2022-02-18 13:49:34'),
(10, 'App\\Models\\User', 1, 'created', 'App\\Models\\Contact', 3, '[]', '{\"name\":\"User2\",\"email\":\"user2@gmail.com\",\"phone\":\"987654324\",\"address\":null,\"organization_id\":\"1\",\"visiblity\":\"1\",\"created_by\":1,\"image\":\"\",\"directory\":\"\",\"id\":3}', 'http://localhost/crmlaravel/contact/create', '::1', 'Mozilla/5.0 (Windows NT 6.3; Win64; x64) AppleWebKit/537.36 (KHTML, like Gecko) Chrome/98.0.4758.82 Safari/537.36', NULL, '2022-02-18 13:50:41', '2022-02-18 13:50:41'),
(11, 'App\\Models\\User', 1, 'created', 'App\\Models\\Organization', 3, '[]', '{\"name\":\"Lp tech\",\"address\":\"1, OMR,\",\"country_id\":\"106\",\"state\":\"TamilNadu\",\"city\":\"Chennai\",\"postalcode\":\"600025\",\"created_by\":1,\"id\":3}', 'http://localhost/crmlaravel/organization/create', '::1', 'Mozilla/5.0 (Windows NT 6.3; Win64; x64) AppleWebKit/537.36 (KHTML, like Gecko) Chrome/98.0.4758.82 Safari/537.36', NULL, '2022-02-18 13:51:41', '2022-02-18 13:51:41'),
(12, 'App\\Models\\User', 1, 'created', 'App\\Models\\Segment', 1, '[]', '{\"name\":\"segment1\",\"description\":\"This is the first segment\",\"created_by\":1,\"id\":1}', 'http://localhost/crmlaravel/segment/create', '::1', 'Mozilla/5.0 (Windows NT 6.3; Win64; x64) AppleWebKit/537.36 (KHTML, like Gecko) Chrome/98.0.4758.82 Safari/537.36', NULL, '2022-02-18 13:52:28', '2022-02-18 13:52:28'),
(13, 'App\\Models\\User', 1, 'updated', 'App\\Models\\Segment', 1, '{\"description\":\"This is the first segment\",\"updated_by\":null}', '{\"description\":\"This is the first segment.\",\"updated_by\":1}', 'http://localhost/crmlaravel/segment/edit/1', '::1', 'Mozilla/5.0 (Windows NT 6.3; Win64; x64) AppleWebKit/537.36 (KHTML, like Gecko) Chrome/98.0.4758.82 Safari/537.36', NULL, '2022-02-18 13:52:51', '2022-02-18 13:52:51'),
(14, 'App\\Models\\User', 1, 'created', 'App\\Models\\Segment', 2, '[]', '{\"name\":\"Copy_segment1\",\"description\":\"This is the first segment.\",\"status\":\"active\",\"created_by\":1,\"updated_by\":1,\"deleted_by\":null,\"id\":2}', 'http://localhost/crmlaravel/segment/copy/1?_token=GRQwi88b3PobqHNcmFWEd14ZFXK0GHEDtZCmFbYm', '::1', 'Mozilla/5.0 (Windows NT 6.3; Win64; x64) AppleWebKit/537.36 (KHTML, like Gecko) Chrome/98.0.4758.82 Safari/537.36', NULL, '2022-02-18 13:52:57', '2022-02-18 13:52:57'),
(15, 'App\\Models\\User', 1, 'updated', 'App\\Models\\Segment', 2, '{\"name\":\"Copy_segment1\",\"description\":\"This is the first segment.\"}', '{\"name\":\"segment2\",\"description\":\"This is the second segment.\"}', 'http://localhost/crmlaravel/segment/edit/2', '::1', 'Mozilla/5.0 (Windows NT 6.3; Win64; x64) AppleWebKit/537.36 (KHTML, like Gecko) Chrome/98.0.4758.82 Safari/537.36', NULL, '2022-02-18 13:53:20', '2022-02-18 13:53:20'),
(16, 'App\\Models\\User', 1, 'created', 'App\\Models\\Category', 1, '[]', '{\"name\":\"category1\",\"description\":\"category1\",\"created_by\":1,\"id\":1}', 'http://localhost/crmlaravel/addcategory', '::1', 'Mozilla/5.0 (Windows NT 6.3; Win64; x64) AppleWebKit/537.36 (KHTML, like Gecko) Chrome/98.0.4758.82 Safari/537.36', NULL, '2022-02-18 13:55:48', '2022-02-18 13:55:48'),
(17, 'App\\Models\\User', 1, 'created', 'App\\Models\\Campaign', 1, '[]', '{\"name\":\"Campaign1\",\"subject\":\"This is first campaign\",\"category_id\":\"1\",\"segment_id\":\"1\",\"status\":\"active\",\"created_by\":1,\"id\":1}', 'http://localhost/crmlaravel/campaign/create', '::1', 'Mozilla/5.0 (Windows NT 6.3; Win64; x64) AppleWebKit/537.36 (KHTML, like Gecko) Chrome/98.0.4758.82 Safari/537.36', NULL, '2022-02-18 13:56:52', '2022-02-18 13:56:52'),
(18, 'App\\Models\\User', 1, 'created', 'App\\Models\\CampaignDetail', 1, '[]', '{\"campaign_id\":1,\"sender_name\":\"karthik\",\"sender_email\":\"karthik@coderzvisiontech.com\",\"sender_reply_email_status\":\"0\",\"sender_reply_email\":null,\"sender_email_service_type\":\"1\",\"schedule_status\":\"0\",\"campaign_status\":\"active\",\"schedule_datetime\":\"2022-02-18T19:28:52.736082Z\",\"id\":1}', 'http://localhost/crmlaravel/campaign/create', '::1', 'Mozilla/5.0 (Windows NT 6.3; Win64; x64) AppleWebKit/537.36 (KHTML, like Gecko) Chrome/98.0.4758.82 Safari/537.36', NULL, '2022-02-18 19:26:52', '2022-02-18 19:26:52'),
(19, 'App\\Models\\User', 1, 'created', 'App\\Models\\Campaign', 2, '[]', '{\"name\":\"Campaign2\",\"subject\":\"Campaign2\",\"category_id\":\"0\",\"segment_id\":\"1\",\"status\":\"active\",\"created_by\":1,\"id\":2}', 'http://localhost/crmlaravel/campaign/create', '::1', 'Mozilla/5.0 (Windows NT 6.3; Win64; x64) AppleWebKit/537.36 (KHTML, like Gecko) Chrome/98.0.4758.82 Safari/537.36', NULL, '2022-02-18 23:11:26', '2022-02-18 23:11:26'),
(20, 'App\\Models\\User', 1, 'created', 'App\\Models\\CampaignDetail', 2, '[]', '{\"campaign_id\":2,\"sender_name\":\"sender\",\"sender_email\":\"user1@gmail.com\",\"sender_reply_email_status\":\"0\",\"sender_reply_email\":null,\"sender_email_service_type\":\"1\",\"schedule_status\":\"0\",\"campaign_status\":\"active\",\"schedule_datetime\":\"2022-02-19T04:43:26.310356Z\",\"id\":2}', 'http://localhost/crmlaravel/campaign/create', '::1', 'Mozilla/5.0 (Windows NT 6.3; Win64; x64) AppleWebKit/537.36 (KHTML, like Gecko) Chrome/98.0.4758.82 Safari/537.36', NULL, '2022-02-19 04:41:26', '2022-02-19 04:41:26'),
(21, 'App\\Models\\User', 1, 'created', 'App\\Models\\Campaign', 3, '[]', '{\"name\":\"Campaign3\",\"subject\":\"Campaign3\",\"category_id\":\"0\",\"segment_id\":\"1\",\"status\":\"active\",\"created_by\":1,\"id\":3}', 'http://localhost/crmlaravel/campaign/create', '::1', 'Mozilla/5.0 (Windows NT 6.3; Win64; x64) AppleWebKit/537.36 (KHTML, like Gecko) Chrome/98.0.4758.82 Safari/537.36', NULL, '2022-02-18 23:45:26', '2022-02-18 23:45:26'),
(22, 'App\\Models\\User', 1, 'created', 'App\\Models\\CampaignDetail', 3, '[]', '{\"campaign_id\":3,\"sender_name\":\"Campaign3\",\"sender_email\":\"user2@gmail.com\",\"sender_reply_email_status\":\"0\",\"sender_reply_email\":null,\"sender_email_service_type\":\"1\",\"schedule_status\":\"0\",\"campaign_status\":\"active\",\"schedule_datetime\":\"2022-02-19T05:17:26.505782Z\",\"id\":3}', 'http://localhost/crmlaravel/campaign/create', '::1', 'Mozilla/5.0 (Windows NT 6.3; Win64; x64) AppleWebKit/537.36 (KHTML, like Gecko) Chrome/98.0.4758.82 Safari/537.36', NULL, '2022-02-19 05:15:26', '2022-02-19 05:15:26'),
(23, 'App\\Models\\User', 1, 'created', 'App\\Models\\Campaign', 4, '[]', '{\"name\":\"campaign4\",\"subject\":\"campaign4\",\"category_id\":\"0\",\"segment_id\":\"2\",\"status\":\"active\",\"created_by\":1,\"id\":4}', 'http://localhost/crmlaravel/campaign/create', '::1', 'Mozilla/5.0 (Windows NT 6.3; Win64; x64) AppleWebKit/537.36 (KHTML, like Gecko) Chrome/98.0.4758.82 Safari/537.36', NULL, '2022-02-19 00:08:43', '2022-02-19 00:08:43'),
(24, 'App\\Models\\User', 1, 'created', 'App\\Models\\CampaignDetail', 4, '[]', '{\"campaign_id\":4,\"sender_name\":\"campaign4\",\"sender_email\":\"user4@gmail.com\",\"sender_reply_email_status\":\"0\",\"sender_reply_email\":null,\"sender_email_service_type\":\"1\",\"schedule_status\":\"0\",\"campaign_status\":\"active\",\"schedule_datetime\":\"2022-02-19T05:40:43.613928Z\",\"id\":4}', 'http://localhost/crmlaravel/campaign/create', '::1', 'Mozilla/5.0 (Windows NT 6.3; Win64; x64) AppleWebKit/537.36 (KHTML, like Gecko) Chrome/98.0.4758.82 Safari/537.36', NULL, '2022-02-19 05:38:43', '2022-02-19 05:38:43'),
(25, 'App\\Models\\User', 1, 'updated', 'App\\Models\\Campaign', 1, '{\"name\":\"Campaign1\",\"updated_by\":null}', '{\"name\":\"Campaign12\",\"updated_by\":1}', 'http://localhost/crmlaravel/campaign/edit/1', '::1', 'Mozilla/5.0 (Windows NT 6.3; Win64; x64) AppleWebKit/537.36 (KHTML, like Gecko) Chrome/98.0.4758.82 Safari/537.36', NULL, '2022-02-19 00:24:54', '2022-02-19 00:24:54'),
(26, 'App\\Models\\User', 1, 'created', 'App\\Models\\CampaignDetail', 5, '[]', '{\"campaign_id\":\"1\",\"sender_name\":\"karthik\",\"sender_email\":\"karthik@coderzvisiontech.com\",\"sender_reply_email_status\":\"0\",\"sender_reply_email\":null,\"sender_email_service_type\":\"1\",\"schedule_status\":\"0\",\"campaign_status\":\"active\",\"schedule_datetime\":\"2022-02-19T05:56:54.520881Z\",\"id\":5}', 'http://localhost/crmlaravel/campaign/edit/1', '::1', 'Mozilla/5.0 (Windows NT 6.3; Win64; x64) AppleWebKit/537.36 (KHTML, like Gecko) Chrome/98.0.4758.82 Safari/537.36', NULL, '2022-02-19 05:54:54', '2022-02-19 05:54:54'),
(27, 'App\\Models\\User', 1, 'updated', 'App\\Models\\Campaign', 1, '{\"name\":\"Campaign12\"}', '{\"name\":\"Campaign123\"}', 'http://localhost/crmlaravel/campaign/edit/1', '::1', 'Mozilla/5.0 (Windows NT 6.3; Win64; x64) AppleWebKit/537.36 (KHTML, like Gecko) Chrome/98.0.4758.82 Safari/537.36', NULL, '2022-02-19 00:32:43', '2022-02-19 00:32:43'),
(28, 'App\\Models\\User', 1, 'updated', 'App\\Models\\CampaignDetail', 1, '{\"schedule_datetime\":\"2022-02-19 00:58:52\",\"campaign_status\":\"draft\"}', '{\"schedule_datetime\":\"2022-02-19T06:04:43.668650Z\",\"campaign_status\":\"active\"}', 'http://localhost/crmlaravel/campaign/edit/1', '::1', 'Mozilla/5.0 (Windows NT 6.3; Win64; x64) AppleWebKit/537.36 (KHTML, like Gecko) Chrome/98.0.4758.82 Safari/537.36', NULL, '2022-02-19 06:02:43', '2022-02-19 06:02:43'),
(29, 'App\\Models\\User', 1, 'updated', 'App\\Models\\Campaign', 1, '{\"name\":\"Campaign123\"}', '{\"name\":\"Campaign1232\"}', 'http://localhost/crmlaravel/campaign/edit/1', '::1', 'Mozilla/5.0 (Windows NT 6.3; Win64; x64) AppleWebKit/537.36 (KHTML, like Gecko) Chrome/98.0.4758.82 Safari/537.36', NULL, '2022-02-19 00:46:02', '2022-02-19 00:46:02'),
(30, 'App\\Models\\User', 1, 'updated', 'App\\Models\\CampaignDetail', 1, '{\"schedule_datetime\":\"2022-02-19 11:34:43\"}', '{\"schedule_datetime\":\"2022-02-19T06:18:02.040738Z\"}', 'http://localhost/crmlaravel/campaign/edit/1', '::1', 'Mozilla/5.0 (Windows NT 6.3; Win64; x64) AppleWebKit/537.36 (KHTML, like Gecko) Chrome/98.0.4758.82 Safari/537.36', NULL, '2022-02-19 06:16:02', '2022-02-19 06:16:02'),
(31, 'App\\Models\\User', 1, 'updated', 'App\\Models\\Campaign', 4, '{\"updated_by\":null}', '{\"updated_by\":1}', 'http://localhost/crmlaravel/campaign/edit/4', '::1', 'Mozilla/5.0 (Windows NT 6.3; Win64; x64) AppleWebKit/537.36 (KHTML, like Gecko) Chrome/98.0.4758.82 Safari/537.36', NULL, '2022-02-19 00:46:53', '2022-02-19 00:46:53'),
(32, 'App\\Models\\User', 1, 'updated', 'App\\Models\\CampaignDetail', 4, '{\"schedule_status\":0,\"schedule_datetime\":\"2022-02-19 11:10:43\",\"campaign_status\":\"active\"}', '{\"schedule_status\":\"1\",\"schedule_datetime\":null,\"campaign_status\":\"draft\"}', 'http://localhost/crmlaravel/campaign/edit/4', '::1', 'Mozilla/5.0 (Windows NT 6.3; Win64; x64) AppleWebKit/537.36 (KHTML, like Gecko) Chrome/98.0.4758.82 Safari/537.36', NULL, '2022-02-19 00:46:53', '2022-02-19 00:46:53'),
(33, 'App\\Models\\User', 1, 'updated', 'App\\Models\\Campaign', 4, '{\"category_id\":0}', '{\"category_id\":\"1\"}', 'http://localhost/crmlaravel/campaign/edit/4', '::1', 'Mozilla/5.0 (Windows NT 6.3; Win64; x64) AppleWebKit/537.36 (KHTML, like Gecko) Chrome/98.0.4758.82 Safari/537.36', NULL, '2022-02-19 00:47:24', '2022-02-19 00:47:24'),
(34, 'App\\Models\\User', 1, 'updated', 'App\\Models\\CampaignDetail', 4, '{\"schedule_datetime\":null,\"campaign_status\":\"draft\"}', '{\"schedule_datetime\":\"2022-02-21 11:47:00\",\"campaign_status\":\"active\"}', 'http://localhost/crmlaravel/campaign/edit/4', '::1', 'Mozilla/5.0 (Windows NT 6.3; Win64; x64) AppleWebKit/537.36 (KHTML, like Gecko) Chrome/98.0.4758.82 Safari/537.36', NULL, '2022-02-19 00:47:24', '2022-02-19 00:47:24'),
(35, 'App\\Models\\User', 1, 'updated', 'App\\Models\\CampaignDetail', 4, '{\"sender_name\":\"campaign4\",\"schedule_datetime\":\"2022-02-21 11:47:00\",\"campaign_status\":\"active\"}', '{\"sender_name\":\"campaign41\",\"schedule_datetime\":null,\"campaign_status\":\"draft\"}', 'http://localhost/crmlaravel/campaign/edit/4', '::1', 'Mozilla/5.0 (Windows NT 6.3; Win64; x64) AppleWebKit/537.36 (KHTML, like Gecko) Chrome/98.0.4758.82 Safari/537.36', NULL, '2022-02-19 00:49:18', '2022-02-19 00:49:18'),
(36, 'App\\Models\\User', 1, 'updated', 'App\\Models\\CampaignDetail', 4, '{\"sender_name\":\"campaign41\"}', '{\"sender_name\":\"user4\"}', 'http://localhost/crmlaravel/campaign/edit/4', '::1', 'Mozilla/5.0 (Windows NT 6.3; Win64; x64) AppleWebKit/537.36 (KHTML, like Gecko) Chrome/98.0.4758.82 Safari/537.36', NULL, '2022-02-19 00:50:40', '2022-02-19 00:50:40'),
(37, 'App\\Models\\User', 1, 'updated', 'App\\Models\\Campaign', 4, '{\"segment_id\":2}', '{\"segment_id\":\"1\"}', 'http://localhost/crmlaravel/campaign/edit/4', '::1', 'Mozilla/5.0 (Windows NT 6.3; Win64; x64) AppleWebKit/537.36 (KHTML, like Gecko) Chrome/98.0.4758.82 Safari/537.36', NULL, '2022-02-19 01:02:25', '2022-02-19 01:02:25'),
(38, 'App\\Models\\User', 1, 'created', 'App\\Models\\Organization', 4, '[]', '{\"name\":\"Coderz vision\",\"address\":\"N01, annnanagar\",\"country_id\":\"106\",\"state\":\"TamilNadu\",\"city\":\"Chennai\",\"postalcode\":\"600026\",\"created_by\":1,\"id\":4}', 'http://localhost/crmlaravel/organization/create', '::1', 'Mozilla/5.0 (Windows NT 6.3; Win64; x64) AppleWebKit/537.36 (KHTML, like Gecko) Chrome/98.0.4758.82 Safari/537.36', NULL, '2022-02-19 02:03:31', '2022-02-19 02:03:31'),
(39, 'App\\Models\\User', 1, 'updated', 'App\\Models\\Organization', 4, '{\"address\":\"N01, annnanagar\",\"updated_by\":null}', '{\"address\":\"N01, annnanagar1\",\"updated_by\":1}', 'http://localhost/crmlaravel/organization/edit/4', '::1', 'Mozilla/5.0 (Windows NT 6.3; Win64; x64) AppleWebKit/537.36 (KHTML, like Gecko) Chrome/98.0.4758.82 Safari/537.36', NULL, '2022-02-19 02:04:27', '2022-02-19 02:04:27'),
(40, 'App\\Models\\User', 1, 'created', 'App\\Models\\Organization', 5, '[]', '{\"name\":\"Test14222\",\"address\":\"Annanagar\",\"country_id\":106,\"state\":\"Tn\",\"city\":\"Chennai\",\"postalcode\":600026,\"created_by\":1,\"id\":5}', 'http://localhost/crmlaravel/organization/orgimport', '::1', 'Mozilla/5.0 (Windows NT 6.3; Win64; x64) AppleWebKit/537.36 (KHTML, like Gecko) Chrome/98.0.4758.82 Safari/537.36', NULL, '2022-02-19 02:05:51', '2022-02-19 02:05:51'),
(41, 'App\\Models\\User', 1, 'created', 'App\\Models\\Organization', 6, '[]', '{\"name\":\"Test1122\",\"address\":\"Annanagar\",\"country_id\":106,\"state\":\"Tn\",\"city\":\"Chennai\",\"postalcode\":600026,\"created_by\":1,\"id\":6}', 'http://localhost/crmlaravel/organization/orgimport', '::1', 'Mozilla/5.0 (Windows NT 6.3; Win64; x64) AppleWebKit/537.36 (KHTML, like Gecko) Chrome/98.0.4758.82 Safari/537.36', NULL, '2022-02-19 02:05:51', '2022-02-19 02:05:51'),
(42, 'App\\Models\\User', 1, 'deleted', 'App\\Models\\Organization', 6, '{\"id\":6,\"name\":\"Test1122\",\"address\":\"Annanagar\",\"country_id\":106,\"state\":\"Tn\",\"city\":\"Chennai\",\"postalcode\":\"600026\",\"status\":\"active\",\"created_by\":1,\"updated_by\":null,\"deleted_by\":null}', '[]', 'http://localhost/crmlaravel/organization/delete/6?_token=IZCzcuXLwOre3miOiy0NBTeWZB73KQpxxsgrLxUp', '::1', 'Mozilla/5.0 (Windows NT 6.3; Win64; x64) AppleWebKit/537.36 (KHTML, like Gecko) Chrome/98.0.4758.82 Safari/537.36', NULL, '2022-02-19 02:06:19', '2022-02-19 02:06:19'),
(43, 'App\\Models\\User', 1, 'created', 'App\\Models\\Contact', 5, '[]', '{\"name\":\"Karthik\",\"email\":\"user12@gmail.com\",\"phone\":\"987654321\",\"address\":null,\"organization_id\":\"4\",\"visiblity\":\"1\",\"created_by\":1,\"image\":\"\",\"directory\":\"\",\"id\":5}', 'http://localhost/crmlaravel/contact/create', '::1', 'Mozilla/5.0 (Windows NT 6.3; Win64; x64) AppleWebKit/537.36 (KHTML, like Gecko) Chrome/98.0.4758.82 Safari/537.36', NULL, '2022-02-19 02:08:10', '2022-02-19 02:08:10'),
(44, 'App\\Models\\User', 1, 'deleted', 'App\\Models\\Contact', 5, '{\"id\":5,\"name\":\"Karthik\",\"email\":\"user12@gmail.com\",\"organization_id\":4,\"owner_id\":null,\"subowner_id\":null,\"phone\":987654321,\"visiblity\":1,\"address\":null,\"directory\":\"\",\"image\":\"\",\"status\":\"\'active\'\",\"email_verified_status\":0,\"email_verified_at\":null,\"created_by\":1,\"updated_by\":null,\"deleted_by\":null}', '[]', 'http://localhost/crmlaravel/contact/delete/5?_token=IZCzcuXLwOre3miOiy0NBTeWZB73KQpxxsgrLxUp', '::1', 'Mozilla/5.0 (Windows NT 6.3; Win64; x64) AppleWebKit/537.36 (KHTML, like Gecko) Chrome/98.0.4758.82 Safari/537.36', NULL, '2022-02-19 02:08:37', '2022-02-19 02:08:37'),
(45, 'App\\Models\\User', 1, 'created', 'App\\Models\\Segment', 3, '[]', '{\"name\":\"segmentnew\",\"description\":\"segmentnew\",\"created_by\":1,\"id\":3}', 'http://localhost/crmlaravel/segment/create', '::1', 'Mozilla/5.0 (Windows NT 6.3; Win64; x64) AppleWebKit/537.36 (KHTML, like Gecko) Chrome/98.0.4758.82 Safari/537.36', NULL, '2022-02-19 02:11:02', '2022-02-19 02:11:02'),
(46, 'App\\Models\\User', 1, 'updated', 'App\\Models\\Segment', 3, '{\"updated_by\":null}', '{\"updated_by\":1}', 'http://localhost/crmlaravel/segment/edit/3', '::1', 'Mozilla/5.0 (Windows NT 6.3; Win64; x64) AppleWebKit/537.36 (KHTML, like Gecko) Chrome/98.0.4758.82 Safari/537.36', NULL, '2022-02-19 02:11:22', '2022-02-19 02:11:22'),
(47, 'App\\Models\\User', 1, 'created', 'App\\Models\\Segment', 4, '[]', '{\"name\":\"Copy_segmentnew\",\"description\":\"segmentnew\",\"status\":\"active\",\"created_by\":1,\"updated_by\":1,\"deleted_by\":null,\"id\":4}', 'http://localhost/crmlaravel/segment/copy/3?_token=IZCzcuXLwOre3miOiy0NBTeWZB73KQpxxsgrLxUp', '::1', 'Mozilla/5.0 (Windows NT 6.3; Win64; x64) AppleWebKit/537.36 (KHTML, like Gecko) Chrome/98.0.4758.82 Safari/537.36', NULL, '2022-02-19 02:11:51', '2022-02-19 02:11:51'),
(48, 'App\\Models\\User', 1, 'updated', 'App\\Models\\Segment', 4, '{\"name\":\"Copy_segmentnew\"}', '{\"name\":\"segmentseo\"}', 'http://localhost/crmlaravel/segment/edit/4', '::1', 'Mozilla/5.0 (Windows NT 6.3; Win64; x64) AppleWebKit/537.36 (KHTML, like Gecko) Chrome/98.0.4758.82 Safari/537.36', NULL, '2022-02-19 02:12:15', '2022-02-19 02:12:15'),
(49, 'App\\Models\\User', 1, 'created', 'App\\Models\\Category', 2, '[]', '{\"name\":\"Seo\",\"description\":\"Seo\",\"created_by\":1,\"id\":2}', 'http://localhost/crmlaravel/addcategory', '::1', 'Mozilla/5.0 (Windows NT 6.3; Win64; x64) AppleWebKit/537.36 (KHTML, like Gecko) Chrome/98.0.4758.82 Safari/537.36', NULL, '2022-02-19 02:16:17', '2022-02-19 02:16:17'),
(50, 'App\\Models\\User', 1, 'created', 'App\\Models\\Campaign', 5, '[]', '{\"name\":\"NewseoCampaign\",\"subject\":\"NewseoCampaign\",\"category_id\":\"2\",\"segment_id\":\"3\",\"status\":\"active\",\"created_by\":1,\"id\":5}', 'http://localhost/crmlaravel/campaign/create', '::1', 'Mozilla/5.0 (Windows NT 6.3; Win64; x64) AppleWebKit/537.36 (KHTML, like Gecko) Chrome/98.0.4758.82 Safari/537.36', NULL, '2022-02-19 02:20:08', '2022-02-19 02:20:08'),
(51, 'App\\Models\\User', 1, 'created', 'App\\Models\\CampaignDetail', 6, '[]', '{\"campaign_id\":5,\"sender_name\":\"Test\",\"sender_email\":\"test@gmail.com\",\"sender_reply_email_status\":\"0\",\"sender_reply_email\":null,\"sender_email_service_type\":\"1\",\"schedule_status\":\"1\",\"campaign_status\":\"draft\",\"schedule_datetime\":null,\"id\":6}', 'http://localhost/crmlaravel/campaign/create', '::1', 'Mozilla/5.0 (Windows NT 6.3; Win64; x64) AppleWebKit/537.36 (KHTML, like Gecko) Chrome/98.0.4758.82 Safari/537.36', NULL, '2022-02-19 02:20:08', '2022-02-19 02:20:08'),
(52, 'App\\Models\\User', 1, 'updated', 'App\\Models\\Campaign', 5, '{\"updated_by\":null}', '{\"updated_by\":1}', 'http://localhost/crmlaravel/campaign/edit/5', '::1', 'Mozilla/5.0 (Windows NT 6.3; Win64; x64) AppleWebKit/537.36 (KHTML, like Gecko) Chrome/98.0.4758.82 Safari/537.36', NULL, '2022-02-19 02:21:10', '2022-02-19 02:21:10'),
(53, 'App\\Models\\User', 1, 'updated', 'App\\Models\\Campaign', 5, '{\"name\":\"NewseoCampaign\"}', '{\"name\":\"NewseoCampaign1\"}', 'http://localhost/crmlaravel/campaign/edit/5', '::1', 'Mozilla/5.0 (Windows NT 6.3; Win64; x64) AppleWebKit/537.36 (KHTML, like Gecko) Chrome/98.0.4758.82 Safari/537.36', NULL, '2022-02-19 02:21:49', '2022-02-19 02:21:49'),
(54, 'App\\Models\\User', 1, 'updated', 'App\\Models\\Campaign', 5, '{\"name\":\"NewseoCampaign1\"}', '{\"name\":\"NewseoCampaign\"}', 'http://localhost/crmlaravel/campaign/edit/5', '::1', 'Mozilla/5.0 (Windows NT 6.3; Win64; x64) AppleWebKit/537.36 (KHTML, like Gecko) Chrome/98.0.4758.82 Safari/537.36', NULL, '2022-02-19 02:22:44', '2022-02-19 02:22:44'),
(55, 'App\\Models\\User', 1, 'created', 'App\\Models\\CampaignDetail', 7, '[]', '{\"campaign_id\":\"5\",\"sender_name\":\"Test\",\"sender_email\":\"test@gmail.com\",\"sender_reply_email_status\":\"0\",\"sender_reply_email\":null,\"sender_email_service_type\":\"1\",\"schedule_status\":\"1\",\"campaign_status\":\"draft\",\"schedule_datetime\":null,\"id\":7}', 'http://localhost/crmlaravel/campaign/edit/5', '::1', 'Mozilla/5.0 (Windows NT 6.3; Win64; x64) AppleWebKit/537.36 (KHTML, like Gecko) Chrome/98.0.4758.82 Safari/537.36', NULL, '2022-02-19 03:57:25', '2022-02-19 03:57:25'),
(56, 'App\\Models\\User', 1, 'created', 'App\\Models\\CampaignDetail', 8, '[]', '{\"campaign_id\":\"5\",\"sender_name\":\"Test\",\"sender_email\":\"test@gmail.com\",\"sender_reply_email_status\":\"0\",\"sender_reply_email\":null,\"sender_email_service_type\":\"1\",\"schedule_status\":\"1\",\"campaign_status\":\"draft\",\"schedule_datetime\":null,\"id\":8}', 'http://localhost/crmlaravel/campaign/edit/5', '::1', 'Mozilla/5.0 (Windows NT 6.3; Win64; x64) AppleWebKit/537.36 (KHTML, like Gecko) Chrome/98.0.4758.82 Safari/537.36', NULL, '2022-02-19 03:58:01', '2022-02-19 03:58:01'),
(57, 'App\\Models\\User', 1, 'updated', 'App\\Models\\CampaignDetail', 6, '{\"sender_name\":\"Test\"}', '{\"sender_name\":\"Test1\"}', 'http://localhost/crmlaravel/campaign/edit/5', '::1', 'Mozilla/5.0 (Windows NT 6.3; Win64; x64) AppleWebKit/537.36 (KHTML, like Gecko) Chrome/98.0.4758.82 Safari/537.36', NULL, '2022-02-19 04:11:11', '2022-02-19 04:11:11'),
(58, 'App\\Models\\User', 1, 'updated', 'App\\Models\\CampaignDetail', 6, '{\"sender_reply_email_status\":0}', '{\"sender_reply_email_status\":\"1\"}', 'http://localhost/crmlaravel/campaign/edit/5', '::1', 'Mozilla/5.0 (Windows NT 6.3; Win64; x64) AppleWebKit/537.36 (KHTML, like Gecko) Chrome/98.0.4758.82 Safari/537.36', NULL, '2022-02-19 04:42:15', '2022-02-19 04:42:15'),
(59, 'App\\Models\\User', 1, 'updated', 'App\\Models\\CampaignDetail', 6, '{\"sender_reply_email\":null}', '{\"sender_reply_email\":\"dfsdfds\"}', 'http://localhost/crmlaravel/campaign/edit/5', '::1', 'Mozilla/5.0 (Windows NT 6.3; Win64; x64) AppleWebKit/537.36 (KHTML, like Gecko) Chrome/98.0.4758.82 Safari/537.36', NULL, '2022-02-19 04:53:34', '2022-02-19 04:53:34'),
(60, 'App\\Models\\User', 1, 'updated', 'App\\Models\\CampaignDetail', 6, '{\"sender_reply_email\":\"dfsdfds\"}', '{\"sender_reply_email\":null}', 'http://localhost/crmlaravel/campaign/edit/5', '::1', 'Mozilla/5.0 (Windows NT 6.3; Win64; x64) AppleWebKit/537.36 (KHTML, like Gecko) Chrome/98.0.4758.82 Safari/537.36', NULL, '2022-02-19 04:59:34', '2022-02-19 04:59:34'),
(61, 'App\\Models\\User', 1, 'updated', 'App\\Models\\CampaignDetail', 6, '{\"schedule_datetime\":null,\"campaign_status\":\"draft\"}', '{\"schedule_datetime\":\"2022-02-19 16:16:00\",\"campaign_status\":\"active\"}', 'http://localhost/crmlaravel/campaign/edit/5', '::1', 'Mozilla/5.0 (Windows NT 6.3; Win64; x64) AppleWebKit/537.36 (KHTML, like Gecko) Chrome/98.0.4758.82 Safari/537.36', NULL, '2022-02-19 05:13:26', '2022-02-19 05:13:26'),
(62, 'App\\Models\\User', 1, 'updated', 'App\\Models\\CampaignDetail', 6, '{\"sender_reply_email\":null,\"schedule_datetime\":\"2022-02-19 16:16:00\",\"campaign_status\":\"active\"}', '{\"sender_reply_email\":\"asdasdas\",\"schedule_datetime\":null,\"campaign_status\":\"draft\"}', 'http://localhost/crmlaravel/campaign/edit/5', '::1', 'Mozilla/5.0 (Windows NT 6.3; Win64; x64) AppleWebKit/537.36 (KHTML, like Gecko) Chrome/98.0.4758.82 Safari/537.36', NULL, '2022-02-19 05:16:28', '2022-02-19 05:16:28'),
(63, 'App\\Models\\User', 1, 'updated', 'App\\Models\\CampaignDetail', 6, '{\"sender_reply_email\":\"asdasdas\"}', '{\"sender_reply_email\":\"test@gmail.com\"}', 'http://localhost/crmlaravel/campaign/edit/5', '::1', 'Mozilla/5.0 (Windows NT 6.3; Win64; x64) AppleWebKit/537.36 (KHTML, like Gecko) Chrome/98.0.4758.82 Safari/537.36', NULL, '2022-02-19 05:18:39', '2022-02-19 05:18:39'),
(64, 'App\\Models\\User', 1, 'updated', 'App\\Models\\CampaignDetail', 6, '{\"sender_reply_email\":\"test@gmail.com\"}', '{\"sender_reply_email\":\"asdsad\"}', 'http://localhost/crmlaravel/campaign/edit/5', '::1', 'Mozilla/5.0 (Windows NT 6.3; Win64; x64) AppleWebKit/537.36 (KHTML, like Gecko) Chrome/98.0.4758.82 Safari/537.36', NULL, '2022-02-19 06:02:11', '2022-02-19 06:02:11'),
(65, 'App\\Models\\User', 1, 'updated', 'App\\Models\\CampaignDetail', 6, '{\"sender_reply_email\":\"asdsad\"}', '{\"sender_reply_email\":\"asdasdasd@sdfsd.com\"}', 'http://localhost/crmlaravel/campaign/edit/5', '::1', 'Mozilla/5.0 (Windows NT 6.3; Win64; x64) AppleWebKit/537.36 (KHTML, like Gecko) Chrome/98.0.4758.82 Safari/537.36', NULL, '2022-02-19 06:03:42', '2022-02-19 06:03:42'),
(66, 'App\\Models\\User', 1, 'updated', 'App\\Models\\CampaignDetail', 6, '{\"sender_reply_email\":\"asdasdasd@sdfsd.com\"}', '{\"sender_reply_email\":\"asdasdas\"}', 'http://localhost/crmlaravel/campaign/edit/5', '::1', 'Mozilla/5.0 (Windows NT 6.3; Win64; x64) AppleWebKit/537.36 (KHTML, like Gecko) Chrome/98.0.4758.82 Safari/537.36', NULL, '2022-02-19 06:04:51', '2022-02-19 06:04:51'),
(67, 'App\\Models\\User', 1, 'updated', 'App\\Models\\CampaignDetail', 6, '{\"sender_reply_email\":\"asdasdas\"}', '{\"sender_reply_email\":null}', 'http://localhost/crmlaravel/campaign/edit/5', '::1', 'Mozilla/5.0 (Windows NT 6.3; Win64; x64) AppleWebKit/537.36 (KHTML, like Gecko) Chrome/98.0.4758.82 Safari/537.36', NULL, '2022-02-19 06:05:10', '2022-02-19 06:05:10'),
(68, 'App\\Models\\User', 1, 'updated', 'App\\Models\\CampaignDetail', 6, '{\"sender_reply_email\":null}', '{\"sender_reply_email\":\"asdasdasdas\"}', 'http://localhost/crmlaravel/campaign/edit/5', '::1', 'Mozilla/5.0 (Windows NT 6.3; Win64; x64) AppleWebKit/537.36 (KHTML, like Gecko) Chrome/98.0.4758.82 Safari/537.36', NULL, '2022-02-19 06:05:49', '2022-02-19 06:05:49'),
(69, 'App\\Models\\User', 1, 'updated', 'App\\Models\\CampaignDetail', 6, '{\"schedule_datetime\":null,\"campaign_status\":\"draft\"}', '{\"schedule_datetime\":\"2022-03-25 17:06:00\",\"campaign_status\":\"active\"}', 'http://localhost/crmlaravel/campaign/edit/5', '::1', 'Mozilla/5.0 (Windows NT 6.3; Win64; x64) AppleWebKit/537.36 (KHTML, like Gecko) Chrome/98.0.4758.82 Safari/537.36', NULL, '2022-02-19 06:06:42', '2022-02-19 06:06:42'),
(70, 'App\\Models\\User', 1, 'updated', 'App\\Models\\CampaignDetail', 6, '{\"sender_reply_email\":\"asdasdasdas\",\"schedule_datetime\":\"2022-03-25 17:06:00\",\"campaign_status\":\"active\"}', '{\"sender_reply_email\":\"sdfsdf\",\"schedule_datetime\":null,\"campaign_status\":\"draft\"}', 'http://localhost/crmlaravel/campaign/edit/5', '::1', 'Mozilla/5.0 (Windows NT 6.3; Win64; x64) AppleWebKit/537.36 (KHTML, like Gecko) Chrome/98.0.4758.82 Safari/537.36', NULL, '2022-02-19 06:07:37', '2022-02-19 06:07:37'),
(71, 'App\\Models\\User', 1, 'updated', 'App\\Models\\CampaignDetail', 6, '{\"sender_reply_email\":\"sdfsdf\"}', '{\"sender_reply_email\":null}', 'http://localhost/crmlaravel/campaign/edit/5', '::1', 'Mozilla/5.0 (Windows NT 6.3; Win64; x64) AppleWebKit/537.36 (KHTML, like Gecko) Chrome/98.0.4758.82 Safari/537.36', NULL, '2022-02-19 06:08:13', '2022-02-19 06:08:13'),
(72, 'App\\Models\\User', 1, 'updated', 'App\\Models\\CampaignDetail', 6, '{\"sender_reply_email\":null}', '{\"sender_reply_email\":\"asdsad\"}', 'http://localhost/crmlaravel/campaign/edit/5', '::1', 'Mozilla/5.0 (Windows NT 6.3; Win64; x64) AppleWebKit/537.36 (KHTML, like Gecko) Chrome/98.0.4758.82 Safari/537.36', NULL, '2022-02-19 06:08:18', '2022-02-19 06:08:18'),
(73, 'App\\Models\\User', 1, 'updated', 'App\\Models\\CampaignDetail', 6, '{\"sender_reply_email\":\"asdsad\",\"schedule_datetime\":null,\"campaign_status\":\"draft\"}', '{\"sender_reply_email\":\"sadasdsad\",\"schedule_datetime\":\"2022-02-26 17:13:00\",\"campaign_status\":\"active\"}', 'http://localhost/crmlaravel/campaign/edit/5', '::1', 'Mozilla/5.0 (Windows NT 6.3; Win64; x64) AppleWebKit/537.36 (KHTML, like Gecko) Chrome/98.0.4758.82 Safari/537.36', NULL, '2022-02-19 06:08:52', '2022-02-19 06:08:52'),
(74, 'App\\Models\\User', 1, 'updated', 'App\\Models\\CampaignDetail', 6, '{\"sender_reply_email\":\"sadasdsad\",\"schedule_datetime\":\"2022-02-26 17:13:00\",\"campaign_status\":\"active\"}', '{\"sender_reply_email\":null,\"schedule_datetime\":null,\"campaign_status\":\"draft\"}', 'http://localhost/crmlaravel/campaign/edit/5', '::1', 'Mozilla/5.0 (Windows NT 6.3; Win64; x64) AppleWebKit/537.36 (KHTML, like Gecko) Chrome/98.0.4758.82 Safari/537.36', NULL, '2022-02-19 06:10:14', '2022-02-19 06:10:14'),
(75, 'App\\Models\\User', 1, 'updated', 'App\\Models\\CampaignDetail', 6, '{\"sender_reply_email\":null}', '{\"sender_reply_email\":\"asdasdas\"}', 'http://localhost/crmlaravel/campaign/edit/5', '::1', 'Mozilla/5.0 (Windows NT 6.3; Win64; x64) AppleWebKit/537.36 (KHTML, like Gecko) Chrome/98.0.4758.82 Safari/537.36', NULL, '2022-02-19 06:11:02', '2022-02-19 06:11:02'),
(76, 'App\\Models\\User', 1, 'updated', 'App\\Models\\CampaignDetail', 6, '{\"sender_reply_email\":\"asdasdas\"}', '{\"sender_reply_email\":null}', 'http://localhost/crmlaravel/campaign/edit/5', '::1', 'Mozilla/5.0 (Windows NT 6.3; Win64; x64) AppleWebKit/537.36 (KHTML, like Gecko) Chrome/98.0.4758.82 Safari/537.36', NULL, '2022-02-19 06:11:14', '2022-02-19 06:11:14'),
(77, 'App\\Models\\User', 1, 'updated', 'App\\Models\\CampaignDetail', 6, '{\"sender_reply_email\":null}', '{\"sender_reply_email\":\"ASAsA\"}', 'http://localhost/crmlaravel/campaign/edit/5', '::1', 'Mozilla/5.0 (Windows NT 6.3; Win64; x64) AppleWebKit/537.36 (KHTML, like Gecko) Chrome/98.0.4758.82 Safari/537.36', NULL, '2022-02-19 06:12:38', '2022-02-19 06:12:38'),
(78, 'App\\Models\\User', 1, 'updated', 'App\\Models\\CampaignDetail', 6, '{\"sender_reply_email\":\"ASAsA\"}', '{\"sender_reply_email\":\"kar\"}', 'http://localhost/crmlaravel/campaign/edit/5', '::1', 'Mozilla/5.0 (Windows NT 6.3; Win64; x64) AppleWebKit/537.36 (KHTML, like Gecko) Chrome/98.0.4758.82 Safari/537.36', NULL, '2022-02-19 06:13:43', '2022-02-19 06:13:43'),
(79, 'App\\Models\\User', 1, 'updated', 'App\\Models\\CampaignDetail', 6, '{\"schedule_datetime\":null,\"campaign_status\":\"draft\"}', '{\"schedule_datetime\":\"2022-02-24 17:15:00\",\"campaign_status\":\"active\"}', 'http://localhost/crmlaravel/campaign/edit/5', '::1', 'Mozilla/5.0 (Windows NT 6.3; Win64; x64) AppleWebKit/537.36 (KHTML, like Gecko) Chrome/98.0.4758.82 Safari/537.36', NULL, '2022-02-19 06:16:02', '2022-02-19 06:16:02'),
(80, 'App\\Models\\User', 1, 'updated', 'App\\Models\\CampaignDetail', 6, '{\"schedule_datetime\":\"2022-02-24 17:15:00\"}', '{\"schedule_datetime\":\"2022-02-26 17:15:00\"}', 'http://localhost/crmlaravel/campaign/edit/5', '::1', 'Mozilla/5.0 (Windows NT 6.3; Win64; x64) AppleWebKit/537.36 (KHTML, like Gecko) Chrome/98.0.4758.82 Safari/537.36', NULL, '2022-02-19 07:07:21', '2022-02-19 07:07:21'),
(81, 'App\\Models\\User', 1, 'updated', 'App\\Models\\CampaignDetail', 6, '{\"sender_reply_email\":\"kar\"}', '{\"sender_reply_email\":\"testt2gmail.com\"}', 'http://localhost/crmlaravel/campaign/edit/5', '::1', 'Mozilla/5.0 (Windows NT 6.3; Win64; x64) AppleWebKit/537.36 (KHTML, like Gecko) Chrome/98.0.4758.82 Safari/537.36', NULL, '2022-02-19 07:09:44', '2022-02-19 07:09:44'),
(82, 'App\\Models\\User', 1, 'updated', 'App\\Models\\CampaignDetail', 6, '{\"sender_name\":\"Test1\"}', '{\"sender_name\":\"Test12\"}', 'http://localhost/crmlaravel/campaign/edit/5', '::1', 'Mozilla/5.0 (Windows NT 6.3; Win64; x64) AppleWebKit/537.36 (KHTML, like Gecko) Chrome/98.0.4758.82 Safari/537.36', NULL, '2022-02-19 07:14:02', '2022-02-19 07:14:02'),
(83, 'App\\Models\\User', 1, 'updated', 'App\\Models\\CampaignDetail', 6, '{\"schedule_datetime\":\"2022-02-26 17:15:00\",\"campaign_status\":\"active\"}', '{\"schedule_datetime\":null,\"campaign_status\":\"draft\"}', 'http://localhost/crmlaravel/campaign/edit/5', '::1', 'Mozilla/5.0 (Windows NT 6.3; Win64; x64) AppleWebKit/537.36 (KHTML, like Gecko) Chrome/98.0.4758.82 Safari/537.36', NULL, '2022-02-19 07:17:00', '2022-02-19 07:17:00'),
(84, 'App\\Models\\User', 1, 'updated', 'App\\Models\\CampaignDetail', 6, '{\"schedule_datetime\":null,\"campaign_status\":\"draft\"}', '{\"schedule_datetime\":\"2022-02-24 18:22:00\",\"campaign_status\":\"active\"}', 'http://localhost/crmlaravel/campaign/edit/5', '::1', 'Mozilla/5.0 (Windows NT 6.3; Win64; x64) AppleWebKit/537.36 (KHTML, like Gecko) Chrome/98.0.4758.82 Safari/537.36', NULL, '2022-02-19 07:22:14', '2022-02-19 07:22:14'),
(85, 'App\\Models\\User', 1, 'updated', 'App\\Models\\CampaignDetail', 6, '{\"campaign_status\":\"active\"}', '{\"campaign_status\":\"draft\"}', 'http://localhost/crmlaravel/campaign/edit/5', '::1', 'Mozilla/5.0 (Windows NT 6.3; Win64; x64) AppleWebKit/537.36 (KHTML, like Gecko) Chrome/98.0.4758.82 Safari/537.36', NULL, '2022-02-19 07:30:28', '2022-02-19 07:30:28'),
(86, 'App\\Models\\User', 1, 'updated', 'App\\Models\\CampaignDetail', 6, '{\"schedule_datetime\":null,\"campaign_status\":\"draft\"}', '{\"schedule_datetime\":\"2022-02-25 18:33:00\",\"campaign_status\":\"active\"}', 'http://localhost/crmlaravel/campaign/edit/5', '::1', 'Mozilla/5.0 (Windows NT 6.3; Win64; x64) AppleWebKit/537.36 (KHTML, like Gecko) Chrome/98.0.4758.82 Safari/537.36', NULL, '2022-02-19 07:33:52', '2022-02-19 07:33:52'),
(87, 'App\\Models\\User', 1, 'updated', 'App\\Models\\CampaignDetail', 6, '{\"schedule_datetime\":\"2022-02-25 18:33:00\",\"campaign_status\":\"active\"}', '{\"schedule_datetime\":null,\"campaign_status\":\"draft\"}', 'http://localhost/crmlaravel/campaign/edit/5', '::1', 'Mozilla/5.0 (Windows NT 6.3; Win64; x64) AppleWebKit/537.36 (KHTML, like Gecko) Chrome/98.0.4758.82 Safari/537.36', NULL, '2022-02-19 07:34:39', '2022-02-19 07:34:39'),
(88, 'App\\Models\\User', 1, 'updated', 'App\\Models\\CampaignDetail', 6, '{\"schedule_datetime\":null,\"campaign_status\":\"draft\"}', '{\"schedule_datetime\":\"2022-02-20 18:39:00\",\"campaign_status\":\"active\"}', 'http://localhost/crmlaravel/campaign/edit/5', '::1', 'Mozilla/5.0 (Windows NT 6.3; Win64; x64) AppleWebKit/537.36 (KHTML, like Gecko) Chrome/98.0.4758.82 Safari/537.36', NULL, '2022-02-19 07:39:27', '2022-02-19 07:39:27'),
(89, 'App\\Models\\User', 1, 'updated', 'App\\Models\\Campaign', 4, '{\"updated_by\":null}', '{\"updated_by\":1}', 'http://localhost/crmlaravel/campaign/edit/4', '::1', 'Mozilla/5.0 (Windows NT 6.3; Win64; x64) AppleWebKit/537.36 (KHTML, like Gecko) Chrome/98.0.4758.82 Safari/537.36', NULL, '2022-02-20 00:50:45', '2022-02-20 00:50:45'),
(90, 'App\\Models\\User', 1, 'created', 'App\\Models\\Campaign', 6, '[]', '{\"name\":\"Testnew\",\"subject\":\"test\",\"category_id\":\"0\",\"segment_id\":\"2\",\"status\":\"active\",\"created_by\":1,\"id\":6}', 'http://localhost/crmlaravel/campaign/create', '::1', 'Mozilla/5.0 (Windows NT 6.3; Win64; x64) AppleWebKit/537.36 (KHTML, like Gecko) Chrome/98.0.4758.82 Safari/537.36', NULL, '2022-02-20 01:07:40', '2022-02-20 01:07:40'),
(91, 'App\\Models\\User', 1, 'created', 'App\\Models\\CampaignDetail', 9, '[]', '{\"campaign_id\":6,\"sender_name\":\"sender\",\"sender_email\":\"sender@gmail.com\",\"sender_reply_email_status\":\"0\",\"sender_reply_email\":null,\"sender_email_service_type\":\"0\",\"schedule_status\":\"0\",\"campaign_status\":\"active\",\"schedule_datetime\":\"2022-02-20T06:39:40.098489Z\",\"id\":9}', 'http://localhost/crmlaravel/campaign/create', '::1', 'Mozilla/5.0 (Windows NT 6.3; Win64; x64) AppleWebKit/537.36 (KHTML, like Gecko) Chrome/98.0.4758.82 Safari/537.36', NULL, '2022-02-20 06:37:40', '2022-02-20 06:37:40'),
(92, 'App\\Models\\User', 1, 'created', 'App\\Models\\Campaign', 9, '[]', '{\"name\":\"Testnew1w\",\"subject\":\"test\",\"category_id\":\"0\",\"segment_id\":\"2\",\"status\":\"active\",\"created_by\":1,\"id\":9}', 'http://localhost/crmlaravel/campaign/create', '::1', 'Mozilla/5.0 (Windows NT 6.3; Win64; x64) AppleWebKit/537.36 (KHTML, like Gecko) Chrome/98.0.4758.82 Safari/537.36', NULL, '2022-02-20 01:11:06', '2022-02-20 01:11:06'),
(93, 'App\\Models\\User', 1, 'created', 'App\\Models\\CampaignDetail', 10, '[]', '{\"campaign_id\":9,\"sender_name\":\"sender\",\"sender_email\":\"sender@gmail.com\",\"sender_reply_email_status\":\"1\",\"sender_reply_email\":\"Test@gmail.com\",\"sender_email_service_type\":\"0\",\"schedule_status\":\"0\",\"campaign_status\":\"active\",\"schedule_datetime\":\"2022-02-20T06:43:06.110206Z\",\"id\":10}', 'http://localhost/crmlaravel/campaign/create', '::1', 'Mozilla/5.0 (Windows NT 6.3; Win64; x64) AppleWebKit/537.36 (KHTML, like Gecko) Chrome/98.0.4758.82 Safari/537.36', NULL, '2022-02-20 06:41:06', '2022-02-20 06:41:06'),
(94, 'App\\Models\\User', 1, 'created', 'App\\Models\\Campaign', 11, '[]', '{\"name\":\"Testnew1wa\",\"subject\":\"test\",\"category_id\":\"0\",\"segment_id\":\"2\",\"status\":\"active\",\"created_by\":1,\"id\":11}', 'http://localhost/crmlaravel/campaign/create', '::1', 'Mozilla/5.0 (Windows NT 6.3; Win64; x64) AppleWebKit/537.36 (KHTML, like Gecko) Chrome/98.0.4758.82 Safari/537.36', NULL, '2022-02-20 01:12:29', '2022-02-20 01:12:29'),
(95, 'App\\Models\\User', 1, 'created', 'App\\Models\\CampaignDetail', 11, '[]', '{\"campaign_id\":11,\"sender_name\":\"sender\",\"sender_email\":\"sender@gmail.com\",\"sender_reply_email_status\":\"0\",\"sender_reply_email\":\"Test@gmail.com\",\"sender_email_service_type\":\"0\",\"schedule_status\":\"1\",\"campaign_status\":\"draft\",\"schedule_datetime\":null,\"id\":11}', 'http://localhost/crmlaravel/campaign/create', '::1', 'Mozilla/5.0 (Windows NT 6.3; Win64; x64) AppleWebKit/537.36 (KHTML, like Gecko) Chrome/98.0.4758.82 Safari/537.36', NULL, '2022-02-20 01:12:29', '2022-02-20 01:12:29'),
(96, 'App\\Models\\User', 1, 'updated', 'App\\Models\\Campaign', 11, '{\"updated_by\":null}', '{\"updated_by\":1}', 'http://localhost/crmlaravel/campaign/edit/11', '::1', 'Mozilla/5.0 (Windows NT 6.3; Win64; x64) AppleWebKit/537.36 (KHTML, like Gecko) Chrome/98.0.4758.82 Safari/537.36', NULL, '2022-02-20 01:13:29', '2022-02-20 01:13:29'),
(97, 'App\\Models\\User', 1, 'updated', 'App\\Models\\CampaignDetail', 11, '{\"sender_email_service_type\":0,\"schedule_datetime\":null,\"campaign_status\":\"draft\"}', '{\"sender_email_service_type\":\"1\",\"schedule_datetime\":\"2022-02-24 12:13:00\",\"campaign_status\":\"active\"}', 'http://localhost/crmlaravel/campaign/edit/11', '::1', 'Mozilla/5.0 (Windows NT 6.3; Win64; x64) AppleWebKit/537.36 (KHTML, like Gecko) Chrome/98.0.4758.82 Safari/537.36', NULL, '2022-02-20 01:13:29', '2022-02-20 01:13:29'),
(98, 'App\\Models\\User', 1, 'created', 'App\\Models\\Campaign', 12, '[]', '{\"name\":\"Test\",\"subject\":\"new\",\"category_id\":\"0\",\"segment_id\":\"2\",\"status\":\"active\",\"created_by\":1,\"id\":12}', 'http://localhost/crmlaravel/campaign/create', '::1', 'Mozilla/5.0 (Windows NT 6.3; Win64; x64) AppleWebKit/537.36 (KHTML, like Gecko) Chrome/98.0.4758.82 Safari/537.36', NULL, '2022-02-20 01:25:55', '2022-02-20 01:25:55'),
(99, 'App\\Models\\User', 1, 'created', 'App\\Models\\CampaignDetail', 12, '[]', '{\"campaign_id\":12,\"sender_name\":\"sender\",\"sender_email\":\"sender@gmail.com\",\"sender_reply_email_status\":\"0\",\"sender_reply_email\":null,\"sender_email_service_type\":\"1\",\"schedule_status\":\"1\",\"campaign_status\":\"draft\",\"schedule_datetime\":null,\"id\":12}', 'http://localhost/crmlaravel/campaign/create', '::1', 'Mozilla/5.0 (Windows NT 6.3; Win64; x64) AppleWebKit/537.36 (KHTML, like Gecko) Chrome/98.0.4758.82 Safari/537.36', NULL, '2022-02-20 01:25:55', '2022-02-20 01:25:55'),
(100, 'App\\Models\\User', 1, 'updated', 'App\\Models\\Campaign', 12, '{\"updated_by\":null}', '{\"updated_by\":1}', 'http://localhost/crmlaravel/campaign/edit/12', '::1', 'Mozilla/5.0 (Windows NT 6.3; Win64; x64) AppleWebKit/537.36 (KHTML, like Gecko) Chrome/98.0.4758.82 Safari/537.36', NULL, '2022-02-20 01:26:59', '2022-02-20 01:26:59'),
(101, 'App\\Models\\User', 1, 'updated', 'App\\Models\\CampaignDetail', 12, '{\"schedule_datetime\":null,\"campaign_status\":\"draft\"}', '{\"schedule_datetime\":\"2022-02-23 12:26:00\",\"campaign_status\":\"active\"}', 'http://localhost/crmlaravel/campaign/edit/12', '::1', 'Mozilla/5.0 (Windows NT 6.3; Win64; x64) AppleWebKit/537.36 (KHTML, like Gecko) Chrome/98.0.4758.82 Safari/537.36', NULL, '2022-02-20 01:26:59', '2022-02-20 01:26:59'),
(102, 'App\\Models\\User', 1, 'updated', 'App\\Models\\Campaign', 12, '{\"name\":\"Test\"}', '{\"name\":\"Test233\"}', 'http://localhost/crmlaravel/campaign/edit/12', '::1', 'Mozilla/5.0 (Windows NT 6.3; Win64; x64) AppleWebKit/537.36 (KHTML, like Gecko) Chrome/98.0.4758.82 Safari/537.36', NULL, '2022-02-20 01:28:00', '2022-02-20 01:28:00'),
(103, 'App\\Models\\User', 1, 'updated', 'App\\Models\\CampaignDetail', 12, '{\"sender_name\":\"sender\"}', '{\"sender_name\":\"sender1\"}', 'http://localhost/crmlaravel/campaign/edit/12', '::1', 'Mozilla/5.0 (Windows NT 6.3; Win64; x64) AppleWebKit/537.36 (KHTML, like Gecko) Chrome/98.0.4758.82 Safari/537.36', NULL, '2022-02-20 01:28:00', '2022-02-20 01:28:00'),
(104, 'App\\Models\\User', 1, 'updated', 'App\\Models\\CampaignDetail', 12, '{\"schedule_datetime\":null,\"campaign_status\":\"draft\"}', '{\"schedule_datetime\":\"2022-02-25 12:28:00\",\"campaign_status\":\"active\"}', 'http://localhost/crmlaravel/campaign/edit/12', '::1', 'Mozilla/5.0 (Windows NT 6.3; Win64; x64) AppleWebKit/537.36 (KHTML, like Gecko) Chrome/98.0.4758.82 Safari/537.36', NULL, '2022-02-20 01:28:23', '2022-02-20 01:28:23'),
(105, 'App\\Models\\User', 1, 'updated', 'App\\Models\\Campaign', 12, '{\"template_content\":null}', '{\"template_content\":\"<p>aSSAqww<\\/p>\"}', 'http://localhost/crmlaravel/campaign/edit/12', '::1', 'Mozilla/5.0 (Windows NT 6.3; Win64; x64) AppleWebKit/537.36 (KHTML, like Gecko) Chrome/98.0.4758.102 Safari/537.36', NULL, '2022-02-22 05:35:07', '2022-02-22 05:35:07'),
(106, 'App\\Models\\User', 1, 'updated', 'App\\Models\\Campaign', 12, '{\"template_content\":\"<p>aSSAqww<\\/p>\"}', '{\"template_content\":\"<p>aSSAqww<\\/p>\\r\\n<p>asdasdas<\\/p>\\r\\n<table style=\\\"border-collapse: collapse; width: 100.042%; height: 141px;\\\" border=\\\"1\\\">\\r\\n<tbody>\\r\\n<tr style=\\\"height: 47px;\\\">\\r\\n<td style=\\\"width: 24.9584%; height: 47px;\\\">asd<\\/td>\\r\\n<td style=\\\"width: 24.9584%; height: 47px;\\\">asdsa<\\/td>\\r\\n<td style=\\\"width: 24.9584%; height: 47px;\\\">asd<\\/td>\\r\\n<td style=\\\"width: 24.9584%; height: 47px;\\\">asdas<\\/td>\\r\\n<\\/tr>\\r\\n<tr style=\\\"height: 47px;\\\">\\r\\n<td style=\\\"width: 24.9584%; height: 47px;\\\">asd<\\/td>\\r\\n<td style=\\\"width: 24.9584%; height: 47px;\\\">asdasd<\\/td>\\r\\n<td style=\\\"width: 24.9584%; height: 47px;\\\">asdas<\\/td>\\r\\n<td style=\\\"width: 24.9584%; height: 47px;\\\">asd<\\/td>\\r\\n<\\/tr>\\r\\n<tr style=\\\"height: 47px;\\\">\\r\\n<td style=\\\"width: 24.9584%; height: 47px;\\\">sdas<\\/td>\\r\\n<td style=\\\"width: 24.9584%; height: 47px;\\\">asd<\\/td>\\r\\n<td style=\\\"width: 24.9584%; height: 47px;\\\">sad<\\/td>\\r\\n<td style=\\\"width: 24.9584%; height: 47px;\\\">asd<\\/td>\\r\\n<\\/tr>\\r\\n<\\/tbody>\\r\\n<\\/table>\"}', 'http://localhost/crmlaravel/campaign/edit/12', '::1', 'Mozilla/5.0 (Windows NT 6.3; Win64; x64) AppleWebKit/537.36 (KHTML, like Gecko) Chrome/98.0.4758.102 Safari/537.36', NULL, '2022-02-22 05:37:59', '2022-02-22 05:37:59');
INSERT INTO `audits` (`id`, `user_type`, `user_id`, `event`, `auditable_type`, `auditable_id`, `old_values`, `new_values`, `url`, `ip_address`, `user_agent`, `tags`, `created_at`, `updated_at`) VALUES
(107, 'App\\Models\\User', 1, 'updated', 'App\\Models\\Campaign', 12, '{\"template_content\":\"<p>aSSAqww<\\/p>\\r\\n<p>asdasdas<\\/p>\\r\\n<table style=\\\"border-collapse: collapse; width: 100.042%; height: 141px;\\\" border=\\\"1\\\">\\r\\n<tbody>\\r\\n<tr style=\\\"height: 47px;\\\">\\r\\n<td style=\\\"width: 24.9584%; height: 47px;\\\">asd<\\/td>\\r\\n<td style=\\\"width: 24.9584%; height: 47px;\\\">asdsa<\\/td>\\r\\n<td style=\\\"width: 24.9584%; height: 47px;\\\">asd<\\/td>\\r\\n<td style=\\\"width: 24.9584%; height: 47px;\\\">asdas<\\/td>\\r\\n<\\/tr>\\r\\n<tr style=\\\"height: 47px;\\\">\\r\\n<td style=\\\"width: 24.9584%; height: 47px;\\\">asd<\\/td>\\r\\n<td style=\\\"width: 24.9584%; height: 47px;\\\">asdasd<\\/td>\\r\\n<td style=\\\"width: 24.9584%; height: 47px;\\\">asdas<\\/td>\\r\\n<td style=\\\"width: 24.9584%; height: 47px;\\\">asd<\\/td>\\r\\n<\\/tr>\\r\\n<tr style=\\\"height: 47px;\\\">\\r\\n<td style=\\\"width: 24.9584%; height: 47px;\\\">sdas<\\/td>\\r\\n<td style=\\\"width: 24.9584%; height: 47px;\\\">asd<\\/td>\\r\\n<td style=\\\"width: 24.9584%; height: 47px;\\\">sad<\\/td>\\r\\n<td style=\\\"width: 24.9584%; height: 47px;\\\">asd<\\/td>\\r\\n<\\/tr>\\r\\n<\\/tbody>\\r\\n<\\/table>\"}', '{\"template_content\":\"<p>aSSAqww<\\/p>\\r\\n<p>asdasdas<\\/p>\\r\\n<table style=\\\"border-collapse: collapse; width: 100.042%; height: 141px;\\\" border=\\\"1\\\">\\r\\n<tbody>\\r\\n<tr style=\\\"height: 47px;\\\">\\r\\n<td style=\\\"width: 25%; height: 47px;\\\">asdasdsas<\\/td>\\r\\n<td style=\\\"width: 25%; height: 47px;\\\">asdsa<\\/td>\\r\\n<td style=\\\"width: 25%; height: 47px;\\\">asd<\\/td>\\r\\n<td style=\\\"width: 25%; height: 47px;\\\">asdas<\\/td>\\r\\n<\\/tr>\\r\\n<tr style=\\\"height: 47px;\\\">\\r\\n<td style=\\\"width: 25%; height: 47px;\\\">asd<\\/td>\\r\\n<td style=\\\"width: 25%; height: 47px;\\\">asdasd<\\/td>\\r\\n<td style=\\\"width: 25%; height: 47px;\\\">asdas<\\/td>\\r\\n<td style=\\\"width: 25%; height: 47px;\\\">asd<\\/td>\\r\\n<\\/tr>\\r\\n<tr style=\\\"height: 47px;\\\">\\r\\n<td style=\\\"width: 25%; height: 47px;\\\">sdas<\\/td>\\r\\n<td style=\\\"width: 25%; height: 47px;\\\">asd<\\/td>\\r\\n<td style=\\\"width: 25%; height: 47px;\\\">sad<\\/td>\\r\\n<td style=\\\"width: 25%; height: 47px;\\\">asd<\\/td>\\r\\n<\\/tr>\\r\\n<\\/tbody>\\r\\n<\\/table>\"}', 'http://localhost/crmlaravel/campaign/edit/12', '::1', 'Mozilla/5.0 (Windows NT 6.3; Win64; x64) AppleWebKit/537.36 (KHTML, like Gecko) Chrome/98.0.4758.102 Safari/537.36', NULL, '2022-02-22 05:38:12', '2022-02-22 05:38:12'),
(108, 'App\\Models\\User', 1, 'updated', 'App\\Models\\CampaignDetail', 12, '{\"template_content\":null}', '{\"template_content\":\"<p>asdasd<\\/p>\"}', 'http://localhost/crmlaravel/campaign/edit/12', '::1', 'Mozilla/5.0 (Windows NT 6.3; Win64; x64) AppleWebKit/537.36 (KHTML, like Gecko) Chrome/98.0.4758.102 Safari/537.36', NULL, '2022-02-22 06:35:34', '2022-02-22 06:35:34'),
(109, 'App\\Models\\User', 1, 'updated', 'App\\Models\\CampaignDetail', 12, '{\"template_content\":\"<p>asdasd<\\/p>\"}', '{\"template_content\":\"<table style=\\\"border-collapse: collapse; width: 100.042%; height: 188px;\\\" border=\\\"1\\\">\\r\\n<tbody>\\r\\n<tr style=\\\"height: 47px;\\\">\\r\\n<td style=\\\"width: 33.2774%; height: 47px;\\\">id<\\/td>\\r\\n<td style=\\\"width: 33.2774%; height: 47px;\\\">name<\\/td>\\r\\n<td style=\\\"width: 33.2787%; height: 47px;\\\">description<\\/td>\\r\\n<\\/tr>\\r\\n<tr style=\\\"height: 47px;\\\">\\r\\n<td style=\\\"width: 33.2774%; height: 47px;\\\">1<\\/td>\\r\\n<td style=\\\"width: 33.2774%; height: 47px;\\\">kar<\\/td>\\r\\n<td style=\\\"width: 33.2787%; height: 47px;\\\">karthik<\\/td>\\r\\n<\\/tr>\\r\\n<tr style=\\\"height: 47px;\\\">\\r\\n<td style=\\\"width: 33.2774%; height: 47px;\\\">2<\\/td>\\r\\n<td style=\\\"width: 33.2774%; height: 47px;\\\">test<\\/td>\\r\\n<td style=\\\"width: 33.2787%; height: 47px;\\\">testt<\\/td>\\r\\n<\\/tr>\\r\\n<tr style=\\\"height: 47px;\\\">\\r\\n<td style=\\\"width: 33.2774%; height: 47px;\\\">3<\\/td>\\r\\n<td style=\\\"width: 33.2774%; height: 47px;\\\">new<\\/td>\\r\\n<td style=\\\"width: 33.2787%; height: 47px;\\\">new<\\/td>\\r\\n<\\/tr>\\r\\n<\\/tbody>\\r\\n<\\/table>\\r\\n<p>asdasd<\\/p>\"}', 'http://localhost/crmlaravel/campaign/edit/12', '::1', 'Mozilla/5.0 (Windows NT 6.3; Win64; x64) AppleWebKit/537.36 (KHTML, like Gecko) Chrome/98.0.4758.102 Safari/537.36', NULL, '2022-02-22 06:37:05', '2022-02-22 06:37:05'),
(110, 'App\\Models\\User', 1, 'updated', 'App\\Models\\CampaignDetail', 12, '{\"template_content\":\"<table style=\\\"border-collapse: collapse; width: 100.042%; height: 188px;\\\" border=\\\"1\\\">\\r\\n<tbody>\\r\\n<tr style=\\\"height: 47px;\\\">\\r\\n<td style=\\\"width: 33.2774%; height: 47px;\\\">id<\\/td>\\r\\n<td style=\\\"width: 33.2774%; height: 47px;\\\">name<\\/td>\\r\\n<td style=\\\"width: 33.2787%; height: 47px;\\\">description<\\/td>\\r\\n<\\/tr>\\r\\n<tr style=\\\"height: 47px;\\\">\\r\\n<td style=\\\"width: 33.2774%; height: 47px;\\\">1<\\/td>\\r\\n<td style=\\\"width: 33.2774%; height: 47px;\\\">kar<\\/td>\\r\\n<td style=\\\"width: 33.2787%; height: 47px;\\\">karthik<\\/td>\\r\\n<\\/tr>\\r\\n<tr style=\\\"height: 47px;\\\">\\r\\n<td style=\\\"width: 33.2774%; height: 47px;\\\">2<\\/td>\\r\\n<td style=\\\"width: 33.2774%; height: 47px;\\\">test<\\/td>\\r\\n<td style=\\\"width: 33.2787%; height: 47px;\\\">testt<\\/td>\\r\\n<\\/tr>\\r\\n<tr style=\\\"height: 47px;\\\">\\r\\n<td style=\\\"width: 33.2774%; height: 47px;\\\">3<\\/td>\\r\\n<td style=\\\"width: 33.2774%; height: 47px;\\\">new<\\/td>\\r\\n<td style=\\\"width: 33.2787%; height: 47px;\\\">new<\\/td>\\r\\n<\\/tr>\\r\\n<\\/tbody>\\r\\n<\\/table>\\r\\n<p>asdasd<\\/p>\"}', '{\"template_content\":\"<table style=\\\"border-collapse: collapse; width: 91.7985%; height: 150px;\\\" border=\\\"1\\\">\\r\\n<tbody>\\r\\n<tr style=\\\"height: 47px;\\\">\\r\\n<td style=\\\"width: 33.3333%; height: 47px;\\\">id<\\/td>\\r\\n<td style=\\\"width: 33.3333%; height: 47px;\\\">name<\\/td>\\r\\n<td style=\\\"width: 33.2016%; height: 47px;\\\">description<\\/td>\\r\\n<\\/tr>\\r\\n<tr style=\\\"height: 47px;\\\">\\r\\n<td style=\\\"width: 33.3333%; height: 47px;\\\">1<\\/td>\\r\\n<td style=\\\"width: 33.3333%; height: 47px;\\\">kar<\\/td>\\r\\n<td style=\\\"width: 33.2016%; height: 47px;\\\">karthik<\\/td>\\r\\n<\\/tr>\\r\\n<tr style=\\\"height: 47px;\\\">\\r\\n<td style=\\\"width: 33.3333%; height: 47px;\\\">2<\\/td>\\r\\n<td style=\\\"width: 33.3333%; height: 47px;\\\">test<\\/td>\\r\\n<td style=\\\"width: 33.2016%; height: 47px;\\\">testt<\\/td>\\r\\n<\\/tr>\\r\\n<tr style=\\\"height: 47px;\\\">\\r\\n<td style=\\\"width: 33.3333%; height: 47px;\\\">3<\\/td>\\r\\n<td style=\\\"width: 33.3333%; height: 47px;\\\">new<\\/td>\\r\\n<td style=\\\"width: 33.2016%; height: 47px;\\\">new<\\/td>\\r\\n<\\/tr>\\r\\n<\\/tbody>\\r\\n<\\/table>\\r\\n<p>asdasd<\\/p>\\r\\n<p><img src=\\\"https:\\/\\/coderzvisiontech.com\\/wp-content\\/uploads\\/2021\\/06\\/Logo@2x-e1623259703142.png\\\" \\/><\\/p>\"}', 'http://localhost/crmlaravel/campaign/edit/12', '::1', 'Mozilla/5.0 (Windows NT 6.3; Win64; x64) AppleWebKit/537.36 (KHTML, like Gecko) Chrome/98.0.4758.102 Safari/537.36', NULL, '2022-02-22 07:09:51', '2022-02-22 07:09:51'),
(111, 'App\\Models\\User', 1, 'updated', 'App\\Models\\CampaignDetail', 12, '{\"template_content\":\"<table style=\\\"border-collapse: collapse; width: 91.7985%; height: 150px;\\\" border=\\\"1\\\">\\r\\n<tbody>\\r\\n<tr style=\\\"height: 47px;\\\">\\r\\n<td style=\\\"width: 33.3333%; height: 47px;\\\">id<\\/td>\\r\\n<td style=\\\"width: 33.3333%; height: 47px;\\\">name<\\/td>\\r\\n<td style=\\\"width: 33.2016%; height: 47px;\\\">description<\\/td>\\r\\n<\\/tr>\\r\\n<tr style=\\\"height: 47px;\\\">\\r\\n<td style=\\\"width: 33.3333%; height: 47px;\\\">1<\\/td>\\r\\n<td style=\\\"width: 33.3333%; height: 47px;\\\">kar<\\/td>\\r\\n<td style=\\\"width: 33.2016%; height: 47px;\\\">karthik<\\/td>\\r\\n<\\/tr>\\r\\n<tr style=\\\"height: 47px;\\\">\\r\\n<td style=\\\"width: 33.3333%; height: 47px;\\\">2<\\/td>\\r\\n<td style=\\\"width: 33.3333%; height: 47px;\\\">test<\\/td>\\r\\n<td style=\\\"width: 33.2016%; height: 47px;\\\">testt<\\/td>\\r\\n<\\/tr>\\r\\n<tr style=\\\"height: 47px;\\\">\\r\\n<td style=\\\"width: 33.3333%; height: 47px;\\\">3<\\/td>\\r\\n<td style=\\\"width: 33.3333%; height: 47px;\\\">new<\\/td>\\r\\n<td style=\\\"width: 33.2016%; height: 47px;\\\">new<\\/td>\\r\\n<\\/tr>\\r\\n<\\/tbody>\\r\\n<\\/table>\\r\\n<p>asdasd<\\/p>\\r\\n<p><img src=\\\"https:\\/\\/coderzvisiontech.com\\/wp-content\\/uploads\\/2021\\/06\\/Logo@2x-e1623259703142.png\\\" \\/><\\/p>\"}', '{\"template_content\":\"<table style=\\\"border-collapse: collapse; width: 91.7985%; height: 150px;\\\" border=\\\"1\\\">\\r\\n<tbody>\\r\\n<tr style=\\\"height: 47px;\\\">\\r\\n<td style=\\\"width: 33.3333%; height: 47px;\\\">id<\\/td>\\r\\n<td style=\\\"width: 33.3333%; height: 47px;\\\">name<\\/td>\\r\\n<td style=\\\"width: 33.2016%; height: 47px;\\\">description<\\/td>\\r\\n<\\/tr>\\r\\n<tr style=\\\"height: 47px;\\\">\\r\\n<td style=\\\"width: 33.3333%; height: 47px;\\\">1<\\/td>\\r\\n<td style=\\\"width: 33.3333%; height: 47px;\\\">kar<\\/td>\\r\\n<td style=\\\"width: 33.2016%; height: 47px;\\\">karthik<\\/td>\\r\\n<\\/tr>\\r\\n<tr style=\\\"height: 47px;\\\">\\r\\n<td style=\\\"width: 33.3333%; height: 47px;\\\">2<\\/td>\\r\\n<td style=\\\"width: 33.3333%; height: 47px;\\\">test<\\/td>\\r\\n<td style=\\\"width: 33.2016%; height: 47px;\\\">testt<\\/td>\\r\\n<\\/tr>\\r\\n<tr style=\\\"height: 47px;\\\">\\r\\n<td style=\\\"width: 33.3333%; height: 47px;\\\">3<\\/td>\\r\\n<td style=\\\"width: 33.3333%; height: 47px;\\\">new<\\/td>\\r\\n<td style=\\\"width: 33.2016%; height: 47px;\\\">new<\\/td>\\r\\n<\\/tr>\\r\\n<\\/tbody>\\r\\n<\\/table>\\r\\n<p>asdasd<\\/p>\\r\\n<p><img src=\\\"https:\\/\\/coderzvisiontech.com\\/wp-content\\/uploads\\/2021\\/06\\/Logo@2x-e1623259703142.png\\\" width=\\\"229\\\" height=\\\"63\\\" \\/> &nbsp;<\\/p>\"}', 'http://localhost/crmlaravel/campaign/edit/12', '::1', 'Mozilla/5.0 (Windows NT 6.3; Win64; x64) AppleWebKit/537.36 (KHTML, like Gecko) Chrome/98.0.4758.102 Safari/537.36', NULL, '2022-02-22 07:16:48', '2022-02-22 07:16:48'),
(112, 'App\\Models\\User', 1, 'updated', 'App\\Models\\CampaignDetail', 12, '{\"template_content\":\"<table style=\\\"border-collapse: collapse; width: 91.7985%; height: 150px;\\\" border=\\\"1\\\">\\r\\n<tbody>\\r\\n<tr style=\\\"height: 47px;\\\">\\r\\n<td style=\\\"width: 33.3333%; height: 47px;\\\">id<\\/td>\\r\\n<td style=\\\"width: 33.3333%; height: 47px;\\\">name<\\/td>\\r\\n<td style=\\\"width: 33.2016%; height: 47px;\\\">description<\\/td>\\r\\n<\\/tr>\\r\\n<tr style=\\\"height: 47px;\\\">\\r\\n<td style=\\\"width: 33.3333%; height: 47px;\\\">1<\\/td>\\r\\n<td style=\\\"width: 33.3333%; height: 47px;\\\">kar<\\/td>\\r\\n<td style=\\\"width: 33.2016%; height: 47px;\\\">karthik<\\/td>\\r\\n<\\/tr>\\r\\n<tr style=\\\"height: 47px;\\\">\\r\\n<td style=\\\"width: 33.3333%; height: 47px;\\\">2<\\/td>\\r\\n<td style=\\\"width: 33.3333%; height: 47px;\\\">test<\\/td>\\r\\n<td style=\\\"width: 33.2016%; height: 47px;\\\">testt<\\/td>\\r\\n<\\/tr>\\r\\n<tr style=\\\"height: 47px;\\\">\\r\\n<td style=\\\"width: 33.3333%; height: 47px;\\\">3<\\/td>\\r\\n<td style=\\\"width: 33.3333%; height: 47px;\\\">new<\\/td>\\r\\n<td style=\\\"width: 33.2016%; height: 47px;\\\">new<\\/td>\\r\\n<\\/tr>\\r\\n<\\/tbody>\\r\\n<\\/table>\\r\\n<p>asdasd<\\/p>\\r\\n<p><img src=\\\"https:\\/\\/coderzvisiontech.com\\/wp-content\\/uploads\\/2021\\/06\\/Logo@2x-e1623259703142.png\\\" width=\\\"229\\\" height=\\\"63\\\" \\/> &nbsp;<\\/p>\"}', '{\"template_content\":\"<p style=\\\"text-align: left;\\\"><img src=\\\"https:\\/\\/coderzvisiontech.com\\/wp-content\\/uploads\\/2021\\/06\\/Logo@2x-e1623259703142.png\\\" width=\\\"229\\\" height=\\\"63\\\" \\/>&nbsp;<\\/p>\\r\\n<p style=\\\"text-align: center;\\\">Employee Details<\\/p>\\r\\n<table style=\\\"border-collapse: collapse; width: 91.7985%; height: 150px;\\\" border=\\\"1\\\">\\r\\n<tbody>\\r\\n<tr style=\\\"height: 47px;\\\">\\r\\n<td style=\\\"width: 33.3333%; height: 47px;\\\">id<\\/td>\\r\\n<td style=\\\"width: 33.3333%; height: 47px;\\\">name<\\/td>\\r\\n<td style=\\\"width: 33.2016%; height: 47px;\\\">description<\\/td>\\r\\n<\\/tr>\\r\\n<tr style=\\\"height: 47px;\\\">\\r\\n<td style=\\\"width: 33.3333%; height: 47px;\\\">1<\\/td>\\r\\n<td style=\\\"width: 33.3333%; height: 47px;\\\">kar<\\/td>\\r\\n<td style=\\\"width: 33.2016%; height: 47px;\\\">karthik<\\/td>\\r\\n<\\/tr>\\r\\n<tr style=\\\"height: 47px;\\\">\\r\\n<td style=\\\"width: 33.3333%; height: 47px;\\\">2<\\/td>\\r\\n<td style=\\\"width: 33.3333%; height: 47px;\\\">ram<\\/td>\\r\\n<td style=\\\"width: 33.2016%; height: 47px;\\\">ram<\\/td>\\r\\n<\\/tr>\\r\\n<tr style=\\\"height: 47px;\\\">\\r\\n<td style=\\\"width: 33.3333%; height: 47px;\\\">3<\\/td>\\r\\n<td style=\\\"width: 33.3333%; height: 47px;\\\">new<\\/td>\\r\\n<td style=\\\"width: 33.2016%; height: 47px;\\\">new<\\/td>\\r\\n<\\/tr>\\r\\n<\\/tbody>\\r\\n<\\/table>\\r\\n<p>&nbsp;<\\/p>\"}', 'http://localhost/crmlaravel/campaign/edit/12', '::1', 'Mozilla/5.0 (Windows NT 6.3; Win64; x64) AppleWebKit/537.36 (KHTML, like Gecko) Chrome/98.0.4758.102 Safari/537.36', NULL, '2022-02-22 07:21:49', '2022-02-22 07:21:49'),
(113, 'App\\Models\\User', 1, 'updated', 'App\\Models\\CampaignDetail', 12, '{\"template_content\":\"<p style=\\\"text-align: left;\\\"><img src=\\\"https:\\/\\/coderzvisiontech.com\\/wp-content\\/uploads\\/2021\\/06\\/Logo@2x-e1623259703142.png\\\" width=\\\"229\\\" height=\\\"63\\\" \\/>&nbsp;<\\/p>\\n<p style=\\\"text-align: center;\\\">Employee Details<\\/p>\\n<table style=\\\"border-collapse: collapse; width: 91.7985%; height: 150px;\\\" border=\\\"1\\\">\\n<tbody>\\n<tr style=\\\"height: 47px;\\\">\\n<td style=\\\"width: 33.3333%; height: 47px;\\\">id<\\/td>\\n<td style=\\\"width: 33.3333%; height: 47px;\\\">name<\\/td>\\n<td style=\\\"width: 33.2016%; height: 47px;\\\">description<\\/td>\\n<\\/tr>\\n<tr style=\\\"height: 47px;\\\">\\n<td style=\\\"width: 33.3333%; height: 47px;\\\">1<\\/td>\\n<td style=\\\"width: 33.3333%; height: 47px;\\\">kar<\\/td>\\n<td style=\\\"width: 33.2016%; height: 47px;\\\">karthik<\\/td>\\n<\\/tr>\\n<tr style=\\\"height: 47px;\\\">\\n<td style=\\\"width: 33.3333%; height: 47px;\\\">2<\\/td>\\n<td style=\\\"width: 33.3333%; height: 47px;\\\">ram<\\/td>\\n<td style=\\\"width: 33.2016%; height: 47px;\\\">ram<\\/td>\\n<\\/tr>\\n<tr style=\\\"height: 47px;\\\">\\n<td style=\\\"width: 33.3333%; height: 47px;\\\">3<\\/td>\\n<td style=\\\"width: 33.3333%; height: 47px;\\\">new<\\/td>\\n<td style=\\\"width: 33.2016%; height: 47px;\\\">new<\\/td>\\n<\\/tr>\\n<\\/tbody>\\n<\\/table>\\n<p>&nbsp;<\\/p>\"}', '{\"template_content\":\"<p style=\\\"text-align: left;\\\"><img src=\\\"https:\\/\\/coderzvisiontech.com\\/wp-content\\/uploads\\/2021\\/06\\/Logo@2x-e1623259703142.png\\\" width=\\\"229\\\" height=\\\"63\\\" \\/>&nbsp;<\\/p>\\r\\n<p style=\\\"text-align: center;\\\">Employee Details<\\/p>\\r\\n<table style=\\\"border-collapse: collapse; width: 91.7985%; height: 150px;\\\" border=\\\"1\\\">\\r\\n<tbody>\\r\\n<tr style=\\\"height: 47px;\\\">\\r\\n<td style=\\\"width: 33.3333%; height: 47px;\\\">id<\\/td>\\r\\n<td style=\\\"width: 33.3333%; height: 47px;\\\">name<\\/td>\\r\\n<td style=\\\"width: 33.2016%; height: 47px;\\\">description<\\/td>\\r\\n<\\/tr>\\r\\n<tr style=\\\"height: 47px;\\\">\\r\\n<td style=\\\"width: 33.3333%; height: 47px;\\\">1<\\/td>\\r\\n<td style=\\\"width: 33.3333%; height: 47px;\\\">kar<\\/td>\\r\\n<td style=\\\"width: 33.2016%; height: 47px;\\\">karthik<\\/td>\\r\\n<\\/tr>\\r\\n<tr style=\\\"height: 47px;\\\">\\r\\n<td style=\\\"width: 33.3333%; height: 47px;\\\">2<\\/td>\\r\\n<td style=\\\"width: 33.3333%; height: 47px;\\\">ram<\\/td>\\r\\n<td style=\\\"width: 33.2016%; height: 47px;\\\">ram<\\/td>\\r\\n<\\/tr>\\r\\n<tr style=\\\"height: 47px;\\\">\\r\\n<td style=\\\"width: 33.3333%; height: 47px;\\\">3<\\/td>\\r\\n<td style=\\\"width: 33.3333%; height: 47px;\\\">lp<\\/td>\\r\\n<td style=\\\"width: 33.2016%; height: 47px;\\\">new<\\/td>\\r\\n<\\/tr>\\r\\n<\\/tbody>\\r\\n<\\/table>\\r\\n<p>&nbsp;<\\/p>\"}', 'http://localhost/crmlaravel/campaign/edit/12', '::1', 'Mozilla/5.0 (Windows NT 6.3; Win64; x64) AppleWebKit/537.36 (KHTML, like Gecko) Chrome/98.0.4758.102 Safari/537.36', NULL, '2022-02-22 09:12:32', '2022-02-22 09:12:32'),
(114, 'App\\Models\\User', 1, 'created', 'App\\Models\\Segment', 5, '[]', '{\"name\":\"Test\",\"description\":\"test\",\"created_by\":1,\"id\":5}', 'http://localhost/crmlaravel/segment/create', '::1', 'Mozilla/5.0 (Windows NT 6.3; Win64; x64) AppleWebKit/537.36 (KHTML, like Gecko) Chrome/98.0.4758.102 Safari/537.36', NULL, '2022-02-22 13:21:44', '2022-02-22 13:21:44'),
(115, 'App\\Models\\User', 1, 'created', 'App\\Models\\Campaign', 14, '[]', '{\"name\":\"Test222\",\"subject\":\"Testt\",\"category_id\":\"0\",\"segment_id\":\"5\",\"status\":\"active\",\"created_by\":1,\"id\":14}', 'http://localhost/crmlaravel/campaign/create', '::1', 'Mozilla/5.0 (Windows NT 6.3; Win64; x64) AppleWebKit/537.36 (KHTML, like Gecko) Chrome/98.0.4758.102 Safari/537.36', NULL, '2022-02-22 13:34:25', '2022-02-22 13:34:25'),
(116, 'App\\Models\\User', 1, 'created', 'App\\Models\\CampaignDetail', 13, '[]', '{\"campaign_id\":14,\"sender_name\":\"Test\",\"sender_email\":\"Tes@gmail.com\",\"sender_reply_email_status\":\"0\",\"sender_reply_email\":null,\"sender_email_service_type\":\"1\",\"schedule_status\":\"1\",\"template_content\":\"<table style=\\\"border-collapse: collapse; width: 99.9592%;\\\" border=\\\"1\\\">\\r\\n<tbody>\\r\\n<tr>\\r\\n<td style=\\\"width: 24.9796%;\\\">id<\\/td>\\r\\n<td style=\\\"width: 24.9796%;\\\">name<\\/td>\\r\\n<td style=\\\"width: 24.9796%;\\\">des<\\/td>\\r\\n<td style=\\\"width: 24.9796%;\\\">stat<\\/td>\\r\\n<\\/tr>\\r\\n<tr>\\r\\n<td style=\\\"width: 24.9796%;\\\">1<\\/td>\\r\\n<td style=\\\"width: 24.9796%;\\\">ka<\\/td>\\r\\n<td style=\\\"width: 24.9796%;\\\">we<\\/td>\\r\\n<td style=\\\"width: 24.9796%;\\\">dd<\\/td>\\r\\n<\\/tr>\\r\\n<\\/tbody>\\r\\n<\\/table>\",\"campaign_status\":\"draft\",\"schedule_datetime\":null,\"id\":13}', 'http://localhost/crmlaravel/campaign/create', '::1', 'Mozilla/5.0 (Windows NT 6.3; Win64; x64) AppleWebKit/537.36 (KHTML, like Gecko) Chrome/98.0.4758.102 Safari/537.36', NULL, '2022-02-22 13:34:25', '2022-02-22 13:34:25'),
(117, 'App\\Models\\User', 1, 'updated', 'App\\Models\\Campaign', 14, '{\"updated_by\":null}', '{\"updated_by\":1}', 'http://localhost/crmlaravel/campaign/edit/14', '::1', 'Mozilla/5.0 (Windows NT 6.3; Win64; x64) AppleWebKit/537.36 (KHTML, like Gecko) Chrome/98.0.4758.102 Safari/537.36', NULL, '2022-02-22 13:35:26', '2022-02-22 13:35:26'),
(118, 'App\\Models\\User', 1, 'updated', 'App\\Models\\CampaignDetail', 13, '{\"schedule_datetime\":null,\"campaign_status\":\"draft\"}', '{\"schedule_datetime\":\"2022-02-24 00:35:00\",\"campaign_status\":\"active\"}', 'http://localhost/crmlaravel/campaign/edit/14', '::1', 'Mozilla/5.0 (Windows NT 6.3; Win64; x64) AppleWebKit/537.36 (KHTML, like Gecko) Chrome/98.0.4758.102 Safari/537.36', NULL, '2022-02-22 13:35:26', '2022-02-22 13:35:26'),
(119, 'App\\Models\\User', 1, 'created', 'App\\Models\\Segment', 6, '[]', '{\"name\":\"Copy_segmentseo\",\"description\":\"segmentnew\",\"status\":\"active\",\"created_by\":1,\"updated_by\":1,\"deleted_by\":null,\"id\":6}', 'http://localhost/crmlaravel/segment/copy/4?_token=OXDniMDsRlyd8gpqslxzML2khiCTe479LKtQQvEj', '::1', 'Mozilla/5.0 (Windows NT 6.3; Win64; x64) AppleWebKit/537.36 (KHTML, like Gecko) Chrome/98.0.4758.102 Safari/537.36', NULL, '2022-02-22 13:41:42', '2022-02-22 13:41:42'),
(120, 'App\\Models\\User', 1, 'updated', 'App\\Models\\Campaign', 12, '{\"updated_by\":null}', '{\"updated_by\":1}', 'http://localhost/crmlaravel/campaign/edit/12', '::1', 'Mozilla/5.0 (Windows NT 6.3; Win64; x64) AppleWebKit/537.36 (KHTML, like Gecko) Chrome/98.0.4758.102 Safari/537.36', NULL, '2022-02-24 23:11:38', '2022-02-24 23:11:38'),
(121, 'App\\Models\\User', 1, 'updated', 'App\\Models\\CampaignDetail', 12, '{\"template_content\":\"<p style=\\\"text-align: left;\\\"><img src=\\\"https:\\/\\/coderzvisiontech.com\\/wp-content\\/uploads\\/2021\\/06\\/Logo@2x-e1623259703142.png\\\" width=\\\"229\\\" height=\\\"63\\\" \\/>&nbsp;<\\/p>\\r\\n<p style=\\\"text-align: center;\\\">Employee Details<\\/p>\\r\\n<table style=\\\"border-collapse: collapse; width: 91.7985%; height: 150px;\\\" border=\\\"1\\\">\\r\\n<tbody>\\r\\n<tr style=\\\"height: 47px;\\\">\\r\\n<td style=\\\"width: 33.3333%; height: 47px;\\\">id<\\/td>\\r\\n<td style=\\\"width: 33.3333%; height: 47px;\\\">name<\\/td>\\r\\n<td style=\\\"width: 33.2016%; height: 47px;\\\">description<\\/td>\\r\\n<\\/tr>\\r\\n<tr style=\\\"height: 47px;\\\">\\r\\n<td style=\\\"width: 33.3333%; height: 47px;\\\">1<\\/td>\\r\\n<td style=\\\"width: 33.3333%; height: 47px;\\\">karthik<\\/td>\\r\\n<td style=\\\"width: 33.2016%; height: 47px;\\\">karthik<\\/td>\\r\\n<\\/tr>\\r\\n<tr style=\\\"height: 47px;\\\">\\r\\n<td style=\\\"width: 33.3333%; height: 47px;\\\">2<\\/td>\\r\\n<td style=\\\"width: 33.3333%; height: 47px;\\\">ram<\\/td>\\r\\n<td style=\\\"width: 33.2016%; height: 47px;\\\">ram<\\/td>\\r\\n<\\/tr>\\r\\n<tr style=\\\"height: 47px;\\\">\\r\\n<td style=\\\"width: 33.3333%; height: 47px;\\\">3<\\/td>\\r\\n<td style=\\\"width: 33.3333%; height: 47px;\\\">lp<\\/td>\\r\\n<td style=\\\"width: 33.2016%; height: 47px;\\\">new<\\/td>\\r\\n<\\/tr>\\r\\n<\\/tbody>\\r\\n<\\/table>\\r\\n<p>&nbsp;<\\/p>\"}', '{\"template_content\":\"<p style=\\\"text-align: left;\\\"><img src=\\\"https:\\/\\/coderzvisiontech.com\\/wp-content\\/uploads\\/2021\\/06\\/Logo@2x-e1623259703142.png\\\" width=\\\"229\\\" height=\\\"63\\\" \\/>&nbsp;<\\/p>\\r\\n<p style=\\\"text-align: center;\\\">Employee Details<\\/p>\\r\\n<table style=\\\"border-collapse: collapse; width: 91.7985%; height: 188px;\\\" border=\\\"1\\\">\\r\\n<tbody>\\r\\n<tr style=\\\"height: 47px;\\\">\\r\\n<td style=\\\"width: 33.3333%; height: 47px;\\\">id<\\/td>\\r\\n<td style=\\\"width: 33.3333%; height: 47px;\\\">name<\\/td>\\r\\n<td style=\\\"width: 33.2016%; height: 47px;\\\">description<\\/td>\\r\\n<\\/tr>\\r\\n<tr style=\\\"height: 47px;\\\">\\r\\n<td style=\\\"width: 33.3333%; height: 47px;\\\">1<\\/td>\\r\\n<td style=\\\"width: 33.3333%; height: 47px;\\\">karthik1<\\/td>\\r\\n<td style=\\\"width: 33.2016%; height: 47px;\\\">karthik<\\/td>\\r\\n<\\/tr>\\r\\n<tr style=\\\"height: 47px;\\\">\\r\\n<td style=\\\"width: 33.3333%; height: 47px;\\\">2<\\/td>\\r\\n<td style=\\\"width: 33.3333%; height: 47px;\\\">ram<\\/td>\\r\\n<td style=\\\"width: 33.2016%; height: 47px;\\\">ram<\\/td>\\r\\n<\\/tr>\\r\\n<tr style=\\\"height: 47px;\\\">\\r\\n<td style=\\\"width: 33.3333%; height: 47px;\\\">3<\\/td>\\r\\n<td style=\\\"width: 33.3333%; height: 47px;\\\">lp<\\/td>\\r\\n<td style=\\\"width: 33.2016%; height: 47px;\\\">new<\\/td>\\r\\n<\\/tr>\\r\\n<\\/tbody>\\r\\n<\\/table>\\r\\n<p>&nbsp;<\\/p>\"}', 'http://localhost/crmlaravel/campaign/edit/12', '::1', 'Mozilla/5.0 (Windows NT 6.3; Win64; x64) AppleWebKit/537.36 (KHTML, like Gecko) Chrome/98.0.4758.102 Safari/537.36', NULL, '2022-02-24 23:11:38', '2022-02-24 23:11:38'),
(122, 'App\\Models\\User', 1, 'updated', 'App\\Models\\CampaignDetail', 12, '{\"template_content\":\"<p style=\\\"text-align: left;\\\"><img src=\\\"https:\\/\\/coderzvisiontech.com\\/wp-content\\/uploads\\/2021\\/06\\/Logo@2x-e1623259703142.png\\\" width=\\\"229\\\" height=\\\"63\\\" \\/>&nbsp;<\\/p>\\r\\n<p style=\\\"text-align: center;\\\">Employee Details<\\/p>\\r\\n<table style=\\\"border-collapse: collapse; width: 91.7985%; height: 188px;\\\" border=\\\"1\\\">\\r\\n<tbody>\\r\\n<tr style=\\\"height: 47px;\\\">\\r\\n<td style=\\\"width: 33.3333%; height: 47px;\\\">id<\\/td>\\r\\n<td style=\\\"width: 33.3333%; height: 47px;\\\">name<\\/td>\\r\\n<td style=\\\"width: 33.2016%; height: 47px;\\\">description<\\/td>\\r\\n<\\/tr>\\r\\n<tr style=\\\"height: 47px;\\\">\\r\\n<td style=\\\"width: 33.3333%; height: 47px;\\\">1<\\/td>\\r\\n<td style=\\\"width: 33.3333%; height: 47px;\\\">karthik1<\\/td>\\r\\n<td style=\\\"width: 33.2016%; height: 47px;\\\">karthik<\\/td>\\r\\n<\\/tr>\\r\\n<tr style=\\\"height: 47px;\\\">\\r\\n<td style=\\\"width: 33.3333%; height: 47px;\\\">2<\\/td>\\r\\n<td style=\\\"width: 33.3333%; height: 47px;\\\">ram<\\/td>\\r\\n<td style=\\\"width: 33.2016%; height: 47px;\\\">ram<\\/td>\\r\\n<\\/tr>\\r\\n<tr style=\\\"height: 47px;\\\">\\r\\n<td style=\\\"width: 33.3333%; height: 47px;\\\">3<\\/td>\\r\\n<td style=\\\"width: 33.3333%; height: 47px;\\\">lp<\\/td>\\r\\n<td style=\\\"width: 33.2016%; height: 47px;\\\">new<\\/td>\\r\\n<\\/tr>\\r\\n<\\/tbody>\\r\\n<\\/table>\\r\\n<p>&nbsp;<\\/p>\"}', '{\"template_content\":\"<p style=\\\"text-align: left;\\\"><img src=\\\"https:\\/\\/coderzvisiontech.com\\/wp-content\\/uploads\\/2021\\/06\\/Logo@2x-e1623259703142.png\\\" width=\\\"229\\\" height=\\\"63\\\" \\/>&nbsp;<\\/p>\\r\\n<p style=\\\"text-align: center;\\\">Employee Details<\\/p>\\r\\n<table style=\\\"border-collapse: collapse; width: 91.7985%; height: 188px;\\\" border=\\\"1\\\">\\r\\n<tbody>\\r\\n<tr style=\\\"height: 47px;\\\">\\r\\n<td style=\\\"width: 33.3333%; height: 47px;\\\">id<\\/td>\\r\\n<td style=\\\"width: 33.3333%; height: 47px;\\\">name<\\/td>\\r\\n<td style=\\\"width: 33.2016%; height: 47px;\\\">description<\\/td>\\r\\n<\\/tr>\\r\\n<tr style=\\\"height: 47px;\\\">\\r\\n<td style=\\\"width: 33.3333%; height: 47px;\\\">1<\\/td>\\r\\n<td style=\\\"width: 33.3333%; height: 47px;\\\">karthik1<\\/td>\\r\\n<td style=\\\"width: 33.2016%; height: 47px;\\\">karthik<\\/td>\\r\\n<\\/tr>\\r\\n<tr style=\\\"height: 47px;\\\">\\r\\n<td style=\\\"width: 33.3333%; height: 47px;\\\">2<\\/td>\\r\\n<td style=\\\"width: 33.3333%; height: 47px;\\\">ram<\\/td>\\r\\n<td style=\\\"width: 33.2016%; height: 47px;\\\">ram<\\/td>\\r\\n<\\/tr>\\r\\n<tr style=\\\"height: 47px;\\\">\\r\\n<td style=\\\"width: 33.3333%; height: 47px;\\\">3<\\/td>\\r\\n<td style=\\\"width: 33.3333%; height: 47px;\\\">lp<\\/td>\\r\\n<td style=\\\"width: 33.2016%; height: 47px;\\\">new<\\/td>\\r\\n<\\/tr>\\r\\n<\\/tbody>\\r\\n<\\/table>\\r\\n<p>Hi thi is test content.....<\\/p>\"}', 'http://localhost/crmlaravel/campaign/edit/12', '::1', 'Mozilla/5.0 (Windows NT 6.3; Win64; x64) AppleWebKit/537.36 (KHTML, like Gecko) Chrome/98.0.4758.102 Safari/537.36', NULL, '2022-02-24 23:13:18', '2022-02-24 23:13:18'),
(123, 'App\\Models\\User', 1, 'updated', 'App\\Models\\CampaignDetail', 12, '{\"template_content\":\"<p style=\\\"text-align: left;\\\"><img src=\\\"https:\\/\\/coderzvisiontech.com\\/wp-content\\/uploads\\/2021\\/06\\/Logo@2x-e1623259703142.png\\\" width=\\\"229\\\" height=\\\"63\\\" \\/>&nbsp;<\\/p>\\r\\n<p style=\\\"text-align: center;\\\">Employee Details<\\/p>\\r\\n<table style=\\\"border-collapse: collapse; width: 91.7985%; height: 188px;\\\" border=\\\"1\\\">\\r\\n<tbody>\\r\\n<tr style=\\\"height: 47px;\\\">\\r\\n<td style=\\\"width: 33.3333%; height: 47px;\\\">id<\\/td>\\r\\n<td style=\\\"width: 33.3333%; height: 47px;\\\">name<\\/td>\\r\\n<td style=\\\"width: 33.2016%; height: 47px;\\\">description<\\/td>\\r\\n<\\/tr>\\r\\n<tr style=\\\"height: 47px;\\\">\\r\\n<td style=\\\"width: 33.3333%; height: 47px;\\\">1<\\/td>\\r\\n<td style=\\\"width: 33.3333%; height: 47px;\\\">karthik1<\\/td>\\r\\n<td style=\\\"width: 33.2016%; height: 47px;\\\">karthik<\\/td>\\r\\n<\\/tr>\\r\\n<tr style=\\\"height: 47px;\\\">\\r\\n<td style=\\\"width: 33.3333%; height: 47px;\\\">2<\\/td>\\r\\n<td style=\\\"width: 33.3333%; height: 47px;\\\">ram<\\/td>\\r\\n<td style=\\\"width: 33.2016%; height: 47px;\\\">ram<\\/td>\\r\\n<\\/tr>\\r\\n<tr style=\\\"height: 47px;\\\">\\r\\n<td style=\\\"width: 33.3333%; height: 47px;\\\">3<\\/td>\\r\\n<td style=\\\"width: 33.3333%; height: 47px;\\\">lp<\\/td>\\r\\n<td style=\\\"width: 33.2016%; height: 47px;\\\">new<\\/td>\\r\\n<\\/tr>\\r\\n<\\/tbody>\\r\\n<\\/table>\\r\\n<p>Hi thi is test content.....<\\/p>\"}', '{\"template_content\":\"<p style=\\\"text-align: left;\\\"><img src=\\\"https:\\/\\/coderzvisiontech.com\\/wp-content\\/uploads\\/2021\\/06\\/Logo@2x-e1623259703142.png\\\" width=\\\"229\\\" height=\\\"63\\\" \\/>&nbsp;<\\/p>\\r\\n<p style=\\\"text-align: center;\\\">Employee Details<\\/p>\\r\\n<table style=\\\"border-collapse: collapse; width: 91.7985%; height: 188px;\\\" border=\\\"1\\\">\\r\\n<tbody>\\r\\n<tr style=\\\"height: 47px;\\\">\\r\\n<td style=\\\"width: 33.3333%; height: 47px;\\\"><span style=\\\"background-color: #b96ad9;\\\">id<\\/span><\\/td>\\r\\n<td style=\\\"width: 33.3333%; height: 47px;\\\"><span style=\\\"background-color: #e03e2d;\\\">name<\\/span><\\/td>\\r\\n<td style=\\\"width: 33.2016%; height: 47px;\\\"><span style=\\\"background-color: #e03e2d;\\\">description<\\/span><\\/td>\\r\\n<\\/tr>\\r\\n<tr style=\\\"height: 47px;\\\">\\r\\n<td style=\\\"width: 33.3333%; height: 47px;\\\">1<\\/td>\\r\\n<td style=\\\"width: 33.3333%; height: 47px;\\\">karthik1<\\/td>\\r\\n<td style=\\\"width: 33.2016%; height: 47px;\\\">karthik<\\/td>\\r\\n<\\/tr>\\r\\n<tr style=\\\"height: 47px;\\\">\\r\\n<td style=\\\"width: 33.3333%; height: 47px;\\\">2<\\/td>\\r\\n<td style=\\\"width: 33.3333%; height: 47px;\\\">ram<\\/td>\\r\\n<td style=\\\"width: 33.2016%; height: 47px;\\\">ram<\\/td>\\r\\n<\\/tr>\\r\\n<tr style=\\\"height: 47px;\\\">\\r\\n<td style=\\\"width: 33.3333%; height: 47px;\\\">3<\\/td>\\r\\n<td style=\\\"width: 33.3333%; height: 47px;\\\">lp<\\/td>\\r\\n<td style=\\\"width: 33.2016%; height: 47px;\\\">new<\\/td>\\r\\n<\\/tr>\\r\\n<\\/tbody>\\r\\n<\\/table>\\r\\n<p>Hi thi is test content.....<\\/p>\"}', 'http://localhost/crmlaravel/campaign/edit/12', '::1', 'Mozilla/5.0 (Windows NT 6.3; Win64; x64) AppleWebKit/537.36 (KHTML, like Gecko) Chrome/98.0.4758.102 Safari/537.36', NULL, '2022-02-25 00:35:00', '2022-02-25 00:35:00'),
(124, 'App\\Models\\User', 1, 'updated', 'App\\Models\\CampaignDetail', 12, '{\"template_content\":\"<p style=\\\"text-align: left;\\\"><img src=\\\"https:\\/\\/coderzvisiontech.com\\/wp-content\\/uploads\\/2021\\/06\\/Logo@2x-e1623259703142.png\\\" width=\\\"229\\\" height=\\\"63\\\" \\/>&nbsp;<\\/p>\\n<p style=\\\"text-align: center;\\\">Employee Details<\\/p>\\n<table style=\\\"border-collapse: collapse; width: 91.7985%; height: 188px;\\\" border=\\\"1\\\">\\n<tbody>\\n<tr style=\\\"height: 47px;\\\">\\n<td style=\\\"width: 33.3333%; height: 47px;\\\"><span style=\\\"background-color: #b96ad9;\\\">id<\\/span><\\/td>\\n<td style=\\\"width: 33.3333%; height: 47px;\\\"><span style=\\\"background-color: #e03e2d;\\\">name<\\/span><\\/td>\\n<td style=\\\"width: 33.2016%; height: 47px;\\\"><span style=\\\"background-color: #e03e2d;\\\">description<\\/span><\\/td>\\n<\\/tr>\\n<tr style=\\\"height: 47px;\\\">\\n<td style=\\\"width: 33.3333%; height: 47px;\\\">1<\\/td>\\n<td style=\\\"width: 33.3333%; height: 47px;\\\">karthik1<\\/td>\\n<td style=\\\"width: 33.2016%; height: 47px;\\\">karthik<\\/td>\\n<\\/tr>\\n<tr style=\\\"height: 47px;\\\">\\n<td style=\\\"width: 33.3333%; height: 47px;\\\">2<\\/td>\\n<td style=\\\"width: 33.3333%; height: 47px;\\\">ram<\\/td>\\n<td style=\\\"width: 33.2016%; height: 47px;\\\">ram<\\/td>\\n<\\/tr>\\n<tr style=\\\"height: 47px;\\\">\\n<td style=\\\"width: 33.3333%; height: 47px;\\\">3<\\/td>\\n<td style=\\\"width: 33.3333%; height: 47px;\\\">lp<\\/td>\\n<td style=\\\"width: 33.2016%; height: 47px;\\\">new<\\/td>\\n<\\/tr>\\n<\\/tbody>\\n<\\/table>\\n<p>Hi thi is test content.....<\\/p>\"}', '{\"template_content\":\"<p style=\\\"text-align: left;\\\"><img src=\\\"https:\\/\\/coderzvisiontech.com\\/wp-content\\/uploads\\/2021\\/06\\/Logo@2x-e1623259703142.png\\\" width=\\\"229\\\" height=\\\"63\\\" \\/>&nbsp;<\\/p>\\r\\n<p style=\\\"text-align: center;\\\">Employee Details<\\/p>\\r\\n<table style=\\\"border-collapse: collapse; width: 91.7985%; height: 188px;\\\" border=\\\"1\\\">\\r\\n<tbody>\\r\\n<tr style=\\\"height: 47px;\\\">\\r\\n<td style=\\\"width: 33.3333%; height: 47px;\\\"><span style=\\\"background-color: #b96ad9;\\\">id<\\/span><\\/td>\\r\\n<td style=\\\"width: 33.3333%; height: 47px;\\\"><span style=\\\"background-color: #e03e2d;\\\">name<\\/span><\\/td>\\r\\n<td style=\\\"width: 33.2016%; height: 47px;\\\"><span style=\\\"background-color: #e03e2d;\\\">description<\\/span><\\/td>\\r\\n<\\/tr>\\r\\n<tr style=\\\"height: 47px;\\\">\\r\\n<td style=\\\"width: 33.3333%; height: 47px;\\\">1<\\/td>\\r\\n<td style=\\\"width: 33.3333%; height: 47px;\\\">karthik1<\\/td>\\r\\n<td style=\\\"width: 33.2016%; height: 47px;\\\">karthik<\\/td>\\r\\n<\\/tr>\\r\\n<tr style=\\\"height: 47px;\\\">\\r\\n<td style=\\\"width: 33.3333%; height: 47px;\\\">2<\\/td>\\r\\n<td style=\\\"width: 33.3333%; height: 47px;\\\">ram<\\/td>\\r\\n<td style=\\\"width: 33.2016%; height: 47px;\\\">ram<\\/td>\\r\\n<\\/tr>\\r\\n<tr style=\\\"height: 47px;\\\">\\r\\n<td style=\\\"width: 33.3333%; height: 47px;\\\">3<\\/td>\\r\\n<td style=\\\"width: 33.3333%; height: 47px;\\\">lp<\\/td>\\r\\n<td style=\\\"width: 33.2016%; height: 47px;\\\">new<\\/td>\\r\\n<\\/tr>\\r\\n<\\/tbody>\\r\\n<\\/table>\\r\\n<p>Hi thi is test contentssasa.....<\\/p>\"}', 'http://localhost/crmlaravel/campaign/edit/12', '::1', 'Mozilla/5.0 (Windows NT 6.3; Win64; x64) AppleWebKit/537.36 (KHTML, like Gecko) Chrome/98.0.4758.102 Safari/537.36', NULL, '2022-02-25 04:00:00', '2022-02-25 04:00:00'),
(125, 'App\\Models\\User', 1, 'updated', 'App\\Models\\CampaignDetail', 12, '{\"template_content\":\"<p style=\\\"text-align: left;\\\"><img src=\\\"https:\\/\\/coderzvisiontech.com\\/wp-content\\/uploads\\/2021\\/06\\/Logo@2x-e1623259703142.png\\\" width=\\\"229\\\" height=\\\"63\\\" \\/>&nbsp;<\\/p>\\r\\n<p style=\\\"text-align: center;\\\">Employee Details<\\/p>\\r\\n<table style=\\\"border-collapse: collapse; width: 91.7985%; height: 188px;\\\" border=\\\"1\\\">\\r\\n<tbody>\\r\\n<tr style=\\\"height: 47px;\\\">\\r\\n<td style=\\\"width: 33.3333%; height: 47px;\\\"><span style=\\\"background-color: #b96ad9;\\\">id<\\/span><\\/td>\\r\\n<td style=\\\"width: 33.3333%; height: 47px;\\\"><span style=\\\"background-color: #e03e2d;\\\">name<\\/span><\\/td>\\r\\n<td style=\\\"width: 33.2016%; height: 47px;\\\"><span style=\\\"background-color: #e03e2d;\\\">description<\\/span><\\/td>\\r\\n<\\/tr>\\r\\n<tr style=\\\"height: 47px;\\\">\\r\\n<td style=\\\"width: 33.3333%; height: 47px;\\\">1<\\/td>\\r\\n<td style=\\\"width: 33.3333%; height: 47px;\\\">karthik1<\\/td>\\r\\n<td style=\\\"width: 33.2016%; height: 47px;\\\">karthik<\\/td>\\r\\n<\\/tr>\\r\\n<tr style=\\\"height: 47px;\\\">\\r\\n<td style=\\\"width: 33.3333%; height: 47px;\\\">2<\\/td>\\r\\n<td style=\\\"width: 33.3333%; height: 47px;\\\">ram<\\/td>\\r\\n<td style=\\\"width: 33.2016%; height: 47px;\\\">ram<\\/td>\\r\\n<\\/tr>\\r\\n<tr style=\\\"height: 47px;\\\">\\r\\n<td style=\\\"width: 33.3333%; height: 47px;\\\">3<\\/td>\\r\\n<td style=\\\"width: 33.3333%; height: 47px;\\\">lp<\\/td>\\r\\n<td style=\\\"width: 33.2016%; height: 47px;\\\">new<\\/td>\\r\\n<\\/tr>\\r\\n<\\/tbody>\\r\\n<\\/table>\\r\\n<p>Hi thi is test contentssasa.....<\\/p>\"}', '{\"template_content\":\"<p style=\\\"text-align: left;\\\"><img src=\\\"https:\\/\\/coderzvisiontech.com\\/wp-content\\/uploads\\/2021\\/06\\/Logo@2x-e1623259703142.png\\\" width=\\\"229\\\" height=\\\"63\\\" \\/>&nbsp;<\\/p>\\r\\n<p style=\\\"text-align: center;\\\">Employee Details<\\/p>\\r\\n<table style=\\\"border-collapse: collapse; width: 91.7985%; height: 188px;\\\" border=\\\"1\\\">\\r\\n<tbody>\\r\\n<tr style=\\\"height: 47px;\\\">\\r\\n<td style=\\\"width: 33.3333%; height: 47px;\\\"><span style=\\\"background-color: #b96ad9;\\\">id<\\/span><\\/td>\\r\\n<td style=\\\"width: 33.3333%; height: 47px;\\\"><span style=\\\"background-color: #e03e2d;\\\">name<\\/span><\\/td>\\r\\n<td style=\\\"width: 33.2016%; height: 47px;\\\"><span style=\\\"background-color: #e03e2d;\\\">description<\\/span><\\/td>\\r\\n<\\/tr>\\r\\n<tr style=\\\"height: 47px;\\\">\\r\\n<td style=\\\"width: 33.3333%; height: 47px;\\\">1<\\/td>\\r\\n<td style=\\\"width: 33.3333%; height: 47px;\\\">karthik1<\\/td>\\r\\n<td style=\\\"width: 33.2016%; height: 47px;\\\">karthik<\\/td>\\r\\n<\\/tr>\\r\\n<tr style=\\\"height: 47px;\\\">\\r\\n<td style=\\\"width: 33.3333%; height: 47px;\\\">2<\\/td>\\r\\n<td style=\\\"width: 33.3333%; height: 47px;\\\">ram<\\/td>\\r\\n<td style=\\\"width: 33.2016%; height: 47px;\\\">ram<\\/td>\\r\\n<\\/tr>\\r\\n<tr style=\\\"height: 47px;\\\">\\r\\n<td style=\\\"width: 33.3333%; height: 47px;\\\">3<\\/td>\\r\\n<td style=\\\"width: 33.3333%; height: 47px;\\\">lp<\\/td>\\r\\n<td style=\\\"width: 33.2016%; height: 47px;\\\">new<\\/td>\\r\\n<\\/tr>\\r\\n<\\/tbody>\\r\\n<\\/table>\\r\\n<p>Hi thi is test contents.....<\\/p>\"}', 'http://localhost/crmlaravel/campaign/edit/12', '::1', 'Mozilla/5.0 (Windows NT 6.3; Win64; x64) AppleWebKit/537.36 (KHTML, like Gecko) Chrome/98.0.4758.102 Safari/537.36', NULL, '2022-02-25 06:44:14', '2022-02-25 06:44:14'),
(126, 'App\\Models\\User', 1, 'updated', 'App\\Models\\CampaignDetail', 12, '{\"template_content\":\"<p style=\\\"text-align: left;\\\"><img src=\\\"https:\\/\\/coderzvisiontech.com\\/wp-content\\/uploads\\/2021\\/06\\/Logo@2x-e1623259703142.png\\\" width=\\\"229\\\" height=\\\"63\\\" \\/>&nbsp;<\\/p>\\r\\n<p style=\\\"text-align: center;\\\">Employee Details<\\/p>\\r\\n<table style=\\\"border-collapse: collapse; width: 91.7985%; height: 188px;\\\" border=\\\"1\\\">\\r\\n<tbody>\\r\\n<tr style=\\\"height: 47px;\\\">\\r\\n<td style=\\\"width: 33.3333%; height: 47px;\\\"><span style=\\\"background-color: #b96ad9;\\\">id<\\/span><\\/td>\\r\\n<td style=\\\"width: 33.3333%; height: 47px;\\\"><span style=\\\"background-color: #e03e2d;\\\">name<\\/span><\\/td>\\r\\n<td style=\\\"width: 33.2016%; height: 47px;\\\"><span style=\\\"background-color: #e03e2d;\\\">description<\\/span><\\/td>\\r\\n<\\/tr>\\r\\n<tr style=\\\"height: 47px;\\\">\\r\\n<td style=\\\"width: 33.3333%; height: 47px;\\\">1<\\/td>\\r\\n<td style=\\\"width: 33.3333%; height: 47px;\\\">karthik1<\\/td>\\r\\n<td style=\\\"width: 33.2016%; height: 47px;\\\">karthik<\\/td>\\r\\n<\\/tr>\\r\\n<tr style=\\\"height: 47px;\\\">\\r\\n<td style=\\\"width: 33.3333%; height: 47px;\\\">2<\\/td>\\r\\n<td style=\\\"width: 33.3333%; height: 47px;\\\">ram<\\/td>\\r\\n<td style=\\\"width: 33.2016%; height: 47px;\\\">ram<\\/td>\\r\\n<\\/tr>\\r\\n<tr style=\\\"height: 47px;\\\">\\r\\n<td style=\\\"width: 33.3333%; height: 47px;\\\">3<\\/td>\\r\\n<td style=\\\"width: 33.3333%; height: 47px;\\\">lp<\\/td>\\r\\n<td style=\\\"width: 33.2016%; height: 47px;\\\">new<\\/td>\\r\\n<\\/tr>\\r\\n<\\/tbody>\\r\\n<\\/table>\\r\\n<p>Hi thi is test contents.....<\\/p>\"}', '{\"template_content\":\"<p style=\\\"text-align: left;\\\"><img src=\\\"https:\\/\\/coderzvisiontech.com\\/wp-content\\/uploads\\/2021\\/06\\/Logo@2x-e1623259703142.png\\\" width=\\\"229\\\" height=\\\"63\\\" \\/>&nbsp;<\\/p>\\r\\n<p style=\\\"text-align: center;\\\">Employee Details<\\/p>\\r\\n<table style=\\\"border-collapse: collapse; width: 91.7985%; height: 188px;\\\" border=\\\"1\\\">\\r\\n<tbody>\\r\\n<tr style=\\\"height: 47px;\\\">\\r\\n<td style=\\\"width: 33.3333%; height: 47px;\\\"><span style=\\\"background-color: #b96ad9;\\\">id<\\/span><\\/td>\\r\\n<td style=\\\"width: 33.3333%; height: 47px;\\\"><span style=\\\"background-color: #e03e2d;\\\">name<\\/span><\\/td>\\r\\n<td style=\\\"width: 33.2016%; height: 47px;\\\"><span style=\\\"background-color: #e03e2d;\\\">description<\\/span><\\/td>\\r\\n<\\/tr>\\r\\n<tr style=\\\"height: 47px;\\\">\\r\\n<td style=\\\"width: 33.3333%; height: 47px;\\\">1<\\/td>\\r\\n<td style=\\\"width: 33.3333%; height: 47px;\\\">karthik1<\\/td>\\r\\n<td style=\\\"width: 33.2016%; height: 47px;\\\">karthik<\\/td>\\r\\n<\\/tr>\\r\\n<tr style=\\\"height: 47px;\\\">\\r\\n<td style=\\\"width: 33.3333%; height: 47px;\\\">2<\\/td>\\r\\n<td style=\\\"width: 33.3333%; height: 47px;\\\">ram<\\/td>\\r\\n<td style=\\\"width: 33.2016%; height: 47px;\\\">ram<\\/td>\\r\\n<\\/tr>\\r\\n<tr style=\\\"height: 47px;\\\">\\r\\n<td style=\\\"width: 33.3333%; height: 47px;\\\">3<\\/td>\\r\\n<td style=\\\"width: 33.3333%; height: 47px;\\\">lp<\\/td>\\r\\n<td style=\\\"width: 33.2016%; height: 47px;\\\">new<\\/td>\\r\\n<\\/tr>\\r\\n<\\/tbody>\\r\\n<\\/table>\\r\\n<p>Hi, this is test content.....<\\/p>\"}', 'http://localhost/crmlaravel/campaign/edit/12', '::1', 'Mozilla/5.0 (Windows NT 6.3; Win64; x64) AppleWebKit/537.36 (KHTML, like Gecko) Chrome/98.0.4758.102 Safari/537.36', NULL, '2022-02-27 22:48:47', '2022-02-27 22:48:47'),
(127, 'App\\Models\\User', 1, 'updated', 'App\\Models\\Campaign', 12, '{\"updated_by\":null}', '{\"updated_by\":1}', 'http://localhost/crmlaravel/campaign/edit/12', '::1', 'Mozilla/5.0 (Windows NT 6.3; Win64; x64) AppleWebKit/537.36 (KHTML, like Gecko) Chrome/98.0.4758.102 Safari/537.36', NULL, '2022-02-28 23:45:37', '2022-02-28 23:45:37'),
(128, 'App\\Models\\User', 1, 'updated', 'App\\Models\\CampaignDetail', 12, '{\"template_content\":\"<p style=\\\"text-align: left;\\\"><img src=\\\"https:\\/\\/coderzvisiontech.com\\/wp-content\\/uploads\\/2021\\/06\\/Logo@2x-e1623259703142.png\\\" width=\\\"229\\\" height=\\\"63\\\" \\/>&nbsp;<\\/p>\\r\\n<p style=\\\"text-align: center;\\\">Employee Details<\\/p>\\r\\n<table style=\\\"border-collapse: collapse; width: 91.7985%; height: 188px;\\\" border=\\\"1\\\">\\r\\n<tbody>\\r\\n<tr style=\\\"height: 47px;\\\">\\r\\n<td style=\\\"width: 33.3333%; height: 47px;\\\"><span style=\\\"background-color: #b96ad9;\\\">id<\\/span><\\/td>\\r\\n<td style=\\\"width: 33.3333%; height: 47px;\\\"><span style=\\\"background-color: #e03e2d;\\\">name<\\/span><\\/td>\\r\\n<td style=\\\"width: 33.2016%; height: 47px;\\\"><span style=\\\"background-color: #e03e2d;\\\">description<\\/span><\\/td>\\r\\n<\\/tr>\\r\\n<tr style=\\\"height: 47px;\\\">\\r\\n<td style=\\\"width: 33.3333%; height: 47px;\\\">1<\\/td>\\r\\n<td style=\\\"width: 33.3333%; height: 47px;\\\">karthik1<\\/td>\\r\\n<td style=\\\"width: 33.2016%; height: 47px;\\\">karthik<\\/td>\\r\\n<\\/tr>\\r\\n<tr style=\\\"height: 47px;\\\">\\r\\n<td style=\\\"width: 33.3333%; height: 47px;\\\">2<\\/td>\\r\\n<td style=\\\"width: 33.3333%; height: 47px;\\\">ram<\\/td>\\r\\n<td style=\\\"width: 33.2016%; height: 47px;\\\">ram<\\/td>\\r\\n<\\/tr>\\r\\n<tr style=\\\"height: 47px;\\\">\\r\\n<td style=\\\"width: 33.3333%; height: 47px;\\\">3<\\/td>\\r\\n<td style=\\\"width: 33.3333%; height: 47px;\\\">lp<\\/td>\\r\\n<td style=\\\"width: 33.2016%; height: 47px;\\\">new<\\/td>\\r\\n<\\/tr>\\r\\n<\\/tbody>\\r\\n<\\/table>\\r\\n<p>Hi, this is test content.....<\\/p>\"}', '{\"template_content\":\"<p style=\\\"text-align: left;\\\"><img src=\\\"https:\\/\\/coderzvisiontech.com\\/wp-content\\/uploads\\/2021\\/06\\/Logo@2x-e1623259703142.png\\\" width=\\\"229\\\" height=\\\"63\\\" \\/>&nbsp;<\\/p>\\r\\n<p style=\\\"text-align: left;\\\">Hi &nbsp;<em>{% user_name%} &nbsp;<em>{% user_phone%}<\\/em><\\/em><\\/p>\\r\\n<p style=\\\"text-align: center;\\\">Employee Details<\\/p>\\r\\n<table style=\\\"border-collapse: collapse; width: 91.7985%; height: 188px;\\\" border=\\\"1\\\">\\r\\n<tbody>\\r\\n<tr style=\\\"height: 47px;\\\">\\r\\n<td style=\\\"width: 33.3333%; height: 47px;\\\"><span style=\\\"background-color: #b96ad9;\\\">id<\\/span><\\/td>\\r\\n<td style=\\\"width: 33.3333%; height: 47px;\\\"><span style=\\\"background-color: #e03e2d;\\\">name<\\/span><\\/td>\\r\\n<td style=\\\"width: 33.2016%; height: 47px;\\\"><span style=\\\"background-color: #e03e2d;\\\">description<\\/span><\\/td>\\r\\n<\\/tr>\\r\\n<tr style=\\\"height: 47px;\\\">\\r\\n<td style=\\\"width: 33.3333%; height: 47px;\\\">1<\\/td>\\r\\n<td style=\\\"width: 33.3333%; height: 47px;\\\">karthik1<\\/td>\\r\\n<td style=\\\"width: 33.2016%; height: 47px;\\\">karthik<\\/td>\\r\\n<\\/tr>\\r\\n<tr style=\\\"height: 47px;\\\">\\r\\n<td style=\\\"width: 33.3333%; height: 47px;\\\">2<\\/td>\\r\\n<td style=\\\"width: 33.3333%; height: 47px;\\\">ram<\\/td>\\r\\n<td style=\\\"width: 33.2016%; height: 47px;\\\">ram<\\/td>\\r\\n<\\/tr>\\r\\n<tr style=\\\"height: 47px;\\\">\\r\\n<td style=\\\"width: 33.3333%; height: 47px;\\\">3<\\/td>\\r\\n<td style=\\\"width: 33.3333%; height: 47px;\\\">lp<\\/td>\\r\\n<td style=\\\"width: 33.2016%; height: 47px;\\\">new<\\/td>\\r\\n<\\/tr>\\r\\n<\\/tbody>\\r\\n<\\/table>\\r\\n<p>Hi, this is test content &nbsp;<em>{% user_phone%}<\\/em>.....<\\/p>\"}', 'http://localhost/crmlaravel/campaign/edit/12', '::1', 'Mozilla/5.0 (Windows NT 6.3; Win64; x64) AppleWebKit/537.36 (KHTML, like Gecko) Chrome/98.0.4758.102 Safari/537.36', NULL, '2022-02-28 23:45:37', '2022-02-28 23:45:37'),
(129, 'App\\Models\\User', 1, 'updated', 'App\\Models\\CampaignDetail', 12, '{\"template_content\":\"<p style=\\\"text-align: left;\\\"><img src=\\\"https:\\/\\/coderzvisiontech.com\\/wp-content\\/uploads\\/2021\\/06\\/Logo@2x-e1623259703142.png\\\" width=\\\"229\\\" height=\\\"63\\\" \\/>&nbsp;<\\/p>\\n<p style=\\\"text-align: left;\\\">Hi &nbsp;<em>{% user_name%} &nbsp;<em>{% user_phone%}<\\/em><\\/em><\\/p>\\n<p style=\\\"text-align: center;\\\">Employee Details<\\/p>\\n<table style=\\\"border-collapse: collapse; width: 91.7985%; height: 188px;\\\" border=\\\"1\\\">\\n<tbody>\\n<tr style=\\\"height: 47px;\\\">\\n<td style=\\\"width: 33.3333%; height: 47px;\\\"><span style=\\\"background-color: #b96ad9;\\\">id<\\/span><\\/td>\\n<td style=\\\"width: 33.3333%; height: 47px;\\\"><span style=\\\"background-color: #e03e2d;\\\">name<\\/span><\\/td>\\n<td style=\\\"width: 33.2016%; height: 47px;\\\"><span style=\\\"background-color: #e03e2d;\\\">description<\\/span><\\/td>\\n<\\/tr>\\n<tr style=\\\"height: 47px;\\\">\\n<td style=\\\"width: 33.3333%; height: 47px;\\\">1<\\/td>\\n<td style=\\\"width: 33.3333%; height: 47px;\\\">karthik1<\\/td>\\n<td style=\\\"width: 33.2016%; height: 47px;\\\">karthik<\\/td>\\n<\\/tr>\\n<tr style=\\\"height: 47px;\\\">\\n<td style=\\\"width: 33.3333%; height: 47px;\\\">2<\\/td>\\n<td style=\\\"width: 33.3333%; height: 47px;\\\">ram<\\/td>\\n<td style=\\\"width: 33.2016%; height: 47px;\\\">ram<\\/td>\\n<\\/tr>\\n<tr style=\\\"height: 47px;\\\">\\n<td style=\\\"width: 33.3333%; height: 47px;\\\">3<\\/td>\\n<td style=\\\"width: 33.3333%; height: 47px;\\\">lp<\\/td>\\n<td style=\\\"width: 33.2016%; height: 47px;\\\">new<\\/td>\\n<\\/tr>\\n<\\/tbody>\\n<\\/table>\\n<p>Hi, this is test content &nbsp;<em>{% user_phone%}<\\/em>.....<\\/p>\"}', '{\"template_content\":\"<p style=\\\"text-align: left;\\\"><img src=\\\"https:\\/\\/coderzvisiontech.com\\/wp-content\\/uploads\\/2021\\/06\\/Logo@2x-e1623259703142.png\\\" width=\\\"229\\\" height=\\\"63\\\" \\/>&nbsp;<\\/p>\\r\\n<p style=\\\"text-align: left;\\\">Hi &nbsp;<em>{% user_name %} &nbsp;<em>{% user_phone %}<\\/em><\\/em><\\/p>\\r\\n<p style=\\\"text-align: center;\\\">Employee Details<\\/p>\\r\\n<table style=\\\"border-collapse: collapse; width: 91.7985%; height: 188px;\\\" border=\\\"1\\\">\\r\\n<tbody>\\r\\n<tr style=\\\"height: 47px;\\\">\\r\\n<td style=\\\"width: 33.3333%; height: 47px;\\\"><span style=\\\"background-color: #b96ad9;\\\">id<\\/span><\\/td>\\r\\n<td style=\\\"width: 33.3333%; height: 47px;\\\"><span style=\\\"background-color: #e03e2d;\\\">name<\\/span><\\/td>\\r\\n<td style=\\\"width: 33.2016%; height: 47px;\\\"><span style=\\\"background-color: #e03e2d;\\\">description<\\/span><\\/td>\\r\\n<\\/tr>\\r\\n<tr style=\\\"height: 47px;\\\">\\r\\n<td style=\\\"width: 33.3333%; height: 47px;\\\">1<\\/td>\\r\\n<td style=\\\"width: 33.3333%; height: 47px;\\\">karthik1<\\/td>\\r\\n<td style=\\\"width: 33.2016%; height: 47px;\\\">karthik<\\/td>\\r\\n<\\/tr>\\r\\n<tr style=\\\"height: 47px;\\\">\\r\\n<td style=\\\"width: 33.3333%; height: 47px;\\\">2<\\/td>\\r\\n<td style=\\\"width: 33.3333%; height: 47px;\\\">ram<\\/td>\\r\\n<td style=\\\"width: 33.2016%; height: 47px;\\\">ram<\\/td>\\r\\n<\\/tr>\\r\\n<tr style=\\\"height: 47px;\\\">\\r\\n<td style=\\\"width: 33.3333%; height: 47px;\\\">3<\\/td>\\r\\n<td style=\\\"width: 33.3333%; height: 47px;\\\">lp<\\/td>\\r\\n<td style=\\\"width: 33.2016%; height: 47px;\\\">new<\\/td>\\r\\n<\\/tr>\\r\\n<\\/tbody>\\r\\n<\\/table>\\r\\n<p>Hi, this is test content &nbsp;<em>{% user_phone %}<\\/em>.....<\\/p>\"}', 'http://localhost/crmlaravel/campaign/edit/12', '::1', 'Mozilla/5.0 (Windows NT 6.3; Win64; x64) AppleWebKit/537.36 (KHTML, like Gecko) Chrome/98.0.4758.102 Safari/537.36', NULL, '2022-02-28 23:58:34', '2022-02-28 23:58:34'),
(130, 'App\\Models\\User', 1, 'updated', 'App\\Models\\Campaign', 12, '{\"updated_by\":null}', '{\"updated_by\":1}', 'http://localhost/crmlaravel/campaign/edit/12', '::1', 'Mozilla/5.0 (Windows NT 6.3; Win64; x64) AppleWebKit/537.36 (KHTML, like Gecko) Chrome/98.0.4758.102 Safari/537.36', NULL, '2022-03-01 06:13:05', '2022-03-01 06:13:05'),
(131, 'App\\Models\\User', 1, 'updated', 'App\\Models\\CampaignDetail', 12, '{\"schedule_datetime\":null,\"campaign_status\":\"draft\"}', '{\"schedule_datetime\":\"2022-03-03 17:18:00\",\"campaign_status\":\"active\"}', 'http://localhost/crmlaravel/campaign/edit/12', '::1', 'Mozilla/5.0 (Windows NT 6.3; Win64; x64) AppleWebKit/537.36 (KHTML, like Gecko) Chrome/98.0.4758.102 Safari/537.36', NULL, '2022-03-01 06:15:54', '2022-03-01 06:15:54');
INSERT INTO `audits` (`id`, `user_type`, `user_id`, `event`, `auditable_type`, `auditable_id`, `old_values`, `new_values`, `url`, `ip_address`, `user_agent`, `tags`, `created_at`, `updated_at`) VALUES
(132, 'App\\Models\\User', 1, 'created', 'App\\Models\\Campaign', 15, '[]', '{\"name\":\"NewTEst\",\"subject\":\"testt\",\"category_id\":\"0\",\"segment_id\":\"3\",\"status\":\"active\",\"created_by\":1,\"id\":15}', 'http://localhost/crmlaravel/campaign/create', '::1', 'Mozilla/5.0 (Windows NT 6.3; Win64; x64) AppleWebKit/537.36 (KHTML, like Gecko) Chrome/98.0.4758.102 Safari/537.36', NULL, '2022-03-01 06:20:54', '2022-03-01 06:20:54'),
(133, 'App\\Models\\User', 1, 'created', 'App\\Models\\CampaignDetail', 14, '[]', '{\"campaign_id\":15,\"sender_name\":\"test\",\"sender_email\":\"test@gmail.com\",\"sender_reply_email_status\":\"0\",\"sender_reply_email\":null,\"sender_email_service_type\":\"1\",\"schedule_status\":\"0\",\"template_content\":\"<p>Hi &nbsp;<em>{% user_name %},<\\/em><\\/p>\\r\\n<p><em>Please verify your number &nbsp;<em>{% user_phone %} and Email &nbsp;<em>{% user_email %}<\\/em><\\/em><\\/em><\\/p>\\r\\n<table style=\\\"border-collapse: collapse; width: 100%;\\\" border=\\\"1\\\">\\r\\n<tbody>\\r\\n<tr>\\r\\n<td style=\\\"width: 33.3333%;\\\">Id<\\/td>\\r\\n<td style=\\\"width: 33.3333%;\\\">Name<\\/td>\\r\\n<td style=\\\"width: 33.3333%;\\\">Staus<\\/td>\\r\\n<\\/tr>\\r\\n<tr>\\r\\n<td style=\\\"width: 33.3333%;\\\">1<\\/td>\\r\\n<td style=\\\"width: 33.3333%;\\\">Kar<\\/td>\\r\\n<td style=\\\"width: 33.3333%;\\\">active<\\/td>\\r\\n<\\/tr>\\r\\n<tr>\\r\\n<td style=\\\"width: 33.3333%;\\\">2<\\/td>\\r\\n<td style=\\\"width: 33.3333%;\\\">Ram<\\/td>\\r\\n<td style=\\\"width: 33.3333%;\\\">incative<\\/td>\\r\\n<\\/tr>\\r\\n<\\/tbody>\\r\\n<\\/table>\",\"campaign_status\":\"active\",\"schedule_datetime\":\"2022-03-01T11:52:54.197159Z\",\"id\":14}', 'http://localhost/crmlaravel/campaign/create', '::1', 'Mozilla/5.0 (Windows NT 6.3; Win64; x64) AppleWebKit/537.36 (KHTML, like Gecko) Chrome/98.0.4758.102 Safari/537.36', NULL, '2022-03-01 11:50:54', '2022-03-01 11:50:54'),
(134, 'App\\Models\\User', 1, 'created', 'App\\Models\\Campaign', 16, '[]', '{\"name\":\"NewTEsta\",\"subject\":\"testt\",\"category_id\":\"0\",\"segment_id\":\"3\",\"status\":\"active\",\"created_by\":1,\"id\":16}', 'http://localhost/crmlaravel/campaign/create', '::1', 'Mozilla/5.0 (Windows NT 6.3; Win64; x64) AppleWebKit/537.36 (KHTML, like Gecko) Chrome/98.0.4758.102 Safari/537.36', NULL, '2022-03-01 06:25:09', '2022-03-01 06:25:09'),
(135, 'App\\Models\\User', 1, 'created', 'App\\Models\\CampaignDetail', 15, '[]', '{\"campaign_id\":16,\"sender_name\":\"test\",\"sender_email\":\"test@gmail.com\",\"sender_reply_email_status\":\"0\",\"sender_reply_email\":null,\"sender_email_service_type\":\"1\",\"schedule_status\":\"0\",\"template_content\":\"<p>Hi &nbsp;<em>{% user_name %},<\\/em><\\/p>\\r\\n<p><em>Please verify your number &nbsp;<em>{% user_phone %} and Email &nbsp;<em>{% user_email %}<\\/em><\\/em><\\/em><\\/p>\\r\\n<table style=\\\"border-collapse: collapse; width: 100%;\\\" border=\\\"1\\\">\\r\\n<tbody>\\r\\n<tr>\\r\\n<td style=\\\"width: 33.3333%;\\\">Id<\\/td>\\r\\n<td style=\\\"width: 33.3333%;\\\">Name<\\/td>\\r\\n<td style=\\\"width: 33.3333%;\\\">Staus<\\/td>\\r\\n<\\/tr>\\r\\n<tr>\\r\\n<td style=\\\"width: 33.3333%;\\\">1<\\/td>\\r\\n<td style=\\\"width: 33.3333%;\\\">Kar<\\/td>\\r\\n<td style=\\\"width: 33.3333%;\\\">active<\\/td>\\r\\n<\\/tr>\\r\\n<tr>\\r\\n<td style=\\\"width: 33.3333%;\\\">2<\\/td>\\r\\n<td style=\\\"width: 33.3333%;\\\">Ram<\\/td>\\r\\n<td style=\\\"width: 33.3333%;\\\">incative<\\/td>\\r\\n<\\/tr>\\r\\n<\\/tbody>\\r\\n<\\/table>\",\"campaign_status\":\"active\",\"schedule_datetime\":\"2022-03-01T11:57:09.970423Z\",\"id\":15}', 'http://localhost/crmlaravel/campaign/create', '::1', 'Mozilla/5.0 (Windows NT 6.3; Win64; x64) AppleWebKit/537.36 (KHTML, like Gecko) Chrome/98.0.4758.102 Safari/537.36', NULL, '2022-03-01 11:55:09', '2022-03-01 11:55:09'),
(136, 'App\\Models\\User', 1, 'created', 'App\\Models\\Campaign', 18, '[]', '{\"name\":\"NewTEstaa\",\"subject\":\"testt\",\"category_id\":\"0\",\"segment_id\":\"3\",\"status\":\"active\",\"created_by\":1,\"id\":18}', 'http://localhost/crmlaravel/campaign/create', '::1', 'Mozilla/5.0 (Windows NT 6.3; Win64; x64) AppleWebKit/537.36 (KHTML, like Gecko) Chrome/98.0.4758.102 Safari/537.36', NULL, '2022-03-01 06:26:51', '2022-03-01 06:26:51'),
(137, 'App\\Models\\User', 1, 'created', 'App\\Models\\CampaignDetail', 16, '[]', '{\"campaign_id\":18,\"sender_name\":\"testa\",\"sender_email\":\"test@gmail.com\",\"sender_reply_email_status\":\"0\",\"sender_reply_email\":null,\"sender_email_service_type\":\"1\",\"schedule_status\":\"0\",\"template_content\":\"<p>Hi &nbsp;<em>{% user_name %},<\\/em><\\/p>\\r\\n<p><em>Please verify your number &nbsp;<em>{% user_phone %} and Email &nbsp;<em>{% user_email %}<\\/em><\\/em><\\/em><\\/p>\\r\\n<table style=\\\"border-collapse: collapse; width: 100%;\\\" border=\\\"1\\\">\\r\\n<tbody>\\r\\n<tr>\\r\\n<td style=\\\"width: 33.3333%;\\\">Id<\\/td>\\r\\n<td style=\\\"width: 33.3333%;\\\">Name<\\/td>\\r\\n<td style=\\\"width: 33.3333%;\\\">Staus<\\/td>\\r\\n<\\/tr>\\r\\n<tr>\\r\\n<td style=\\\"width: 33.3333%;\\\">1<\\/td>\\r\\n<td style=\\\"width: 33.3333%;\\\">Kar<\\/td>\\r\\n<td style=\\\"width: 33.3333%;\\\">active<\\/td>\\r\\n<\\/tr>\\r\\n<tr>\\r\\n<td style=\\\"width: 33.3333%;\\\">2<\\/td>\\r\\n<td style=\\\"width: 33.3333%;\\\">Ram<\\/td>\\r\\n<td style=\\\"width: 33.3333%;\\\">incative<\\/td>\\r\\n<\\/tr>\\r\\n<\\/tbody>\\r\\n<\\/table>\",\"campaign_status\":\"active\",\"schedule_datetime\":\"2022-03-01T11:58:51.519878Z\",\"id\":16}', 'http://localhost/crmlaravel/campaign/create', '::1', 'Mozilla/5.0 (Windows NT 6.3; Win64; x64) AppleWebKit/537.36 (KHTML, like Gecko) Chrome/98.0.4758.102 Safari/537.36', NULL, '2022-03-01 11:56:51', '2022-03-01 11:56:51'),
(138, 'App\\Models\\User', 1, 'created', 'App\\Models\\Campaign', 19, '[]', '{\"name\":\"NewTEstaaq\",\"subject\":\"testt\",\"category_id\":\"0\",\"segment_id\":\"3\",\"status\":\"active\",\"created_by\":1,\"id\":19}', 'http://localhost/crmlaravel/campaign/create', '::1', 'Mozilla/5.0 (Windows NT 6.3; Win64; x64) AppleWebKit/537.36 (KHTML, like Gecko) Chrome/98.0.4758.102 Safari/537.36', NULL, '2022-03-01 06:27:53', '2022-03-01 06:27:53'),
(139, 'App\\Models\\User', 1, 'created', 'App\\Models\\CampaignDetail', 17, '[]', '{\"campaign_id\":19,\"sender_name\":\"testa\",\"sender_email\":\"test@gmail.com\",\"sender_reply_email_status\":\"0\",\"sender_reply_email\":null,\"sender_email_service_type\":\"1\",\"schedule_status\":\"0\",\"template_content\":\"<p>Hi &nbsp;<em>{% user_name %},<\\/em><\\/p>\\r\\n<p><em>Please verify your number &nbsp;<em>{% user_phone %} and Email &nbsp;<em>{% user_email %}<\\/em><\\/em><\\/em><\\/p>\\r\\n<table style=\\\"border-collapse: collapse; width: 100%;\\\" border=\\\"1\\\">\\r\\n<tbody>\\r\\n<tr>\\r\\n<td style=\\\"width: 33.3333%;\\\">Id<\\/td>\\r\\n<td style=\\\"width: 33.3333%;\\\">Name<\\/td>\\r\\n<td style=\\\"width: 33.3333%;\\\">Staus<\\/td>\\r\\n<\\/tr>\\r\\n<tr>\\r\\n<td style=\\\"width: 33.3333%;\\\">1<\\/td>\\r\\n<td style=\\\"width: 33.3333%;\\\">Kar<\\/td>\\r\\n<td style=\\\"width: 33.3333%;\\\">active<\\/td>\\r\\n<\\/tr>\\r\\n<tr>\\r\\n<td style=\\\"width: 33.3333%;\\\">2<\\/td>\\r\\n<td style=\\\"width: 33.3333%;\\\">Ram<\\/td>\\r\\n<td style=\\\"width: 33.3333%;\\\">incative<\\/td>\\r\\n<\\/tr>\\r\\n<\\/tbody>\\r\\n<\\/table>\",\"campaign_status\":\"active\",\"schedule_datetime\":\"2022-03-01T11:59:53.724814Z\",\"id\":17}', 'http://localhost/crmlaravel/campaign/create', '::1', 'Mozilla/5.0 (Windows NT 6.3; Win64; x64) AppleWebKit/537.36 (KHTML, like Gecko) Chrome/98.0.4758.102 Safari/537.36', NULL, '2022-03-01 11:57:53', '2022-03-01 11:57:53'),
(140, 'App\\Models\\User', 1, 'created', 'App\\Models\\Campaign', 20, '[]', '{\"name\":\"NewTEstaaq1\",\"subject\":\"testt\",\"category_id\":\"0\",\"segment_id\":\"3\",\"status\":\"active\",\"created_by\":1,\"id\":20}', 'http://localhost/crmlaravel/campaign/create', '::1', 'Mozilla/5.0 (Windows NT 6.3; Win64; x64) AppleWebKit/537.36 (KHTML, like Gecko) Chrome/98.0.4758.102 Safari/537.36', NULL, '2022-03-01 06:29:35', '2022-03-01 06:29:35'),
(141, 'App\\Models\\User', 1, 'created', 'App\\Models\\CampaignDetail', 18, '[]', '{\"campaign_id\":20,\"sender_name\":\"testa\",\"sender_email\":\"test@gmail.com\",\"sender_reply_email_status\":\"0\",\"sender_reply_email\":null,\"sender_email_service_type\":\"1\",\"schedule_status\":\"0\",\"template_content\":\"<p>Hi &nbsp;<em>{% user_name %},<\\/em><\\/p>\\r\\n<p><em>Please verify your number &nbsp;<em>{% user_phone %} and Email &nbsp;<em>{% user_email %}<\\/em><\\/em><\\/em><\\/p>\\r\\n<table style=\\\"border-collapse: collapse; width: 100%;\\\" border=\\\"1\\\">\\r\\n<tbody>\\r\\n<tr>\\r\\n<td style=\\\"width: 33.3333%;\\\">Id<\\/td>\\r\\n<td style=\\\"width: 33.3333%;\\\">Name<\\/td>\\r\\n<td style=\\\"width: 33.3333%;\\\">Staus<\\/td>\\r\\n<\\/tr>\\r\\n<tr>\\r\\n<td style=\\\"width: 33.3333%;\\\">1<\\/td>\\r\\n<td style=\\\"width: 33.3333%;\\\">Kar<\\/td>\\r\\n<td style=\\\"width: 33.3333%;\\\">active<\\/td>\\r\\n<\\/tr>\\r\\n<tr>\\r\\n<td style=\\\"width: 33.3333%;\\\">2<\\/td>\\r\\n<td style=\\\"width: 33.3333%;\\\">Ram<\\/td>\\r\\n<td style=\\\"width: 33.3333%;\\\">incative<\\/td>\\r\\n<\\/tr>\\r\\n<\\/tbody>\\r\\n<\\/table>\",\"campaign_status\":\"active\",\"schedule_datetime\":\"2022-03-01T12:01:35.009726Z\",\"id\":18}', 'http://localhost/crmlaravel/campaign/create', '::1', 'Mozilla/5.0 (Windows NT 6.3; Win64; x64) AppleWebKit/537.36 (KHTML, like Gecko) Chrome/98.0.4758.102 Safari/537.36', NULL, '2022-03-01 11:59:35', '2022-03-01 11:59:35'),
(142, 'App\\Models\\User', 1, 'created', 'App\\Models\\Campaign', 21, '[]', '{\"name\":\"NewTEsta1222\",\"subject\":\"testt\",\"category_id\":\"0\",\"segment_id\":\"3\",\"status\":\"active\",\"created_by\":1,\"id\":21}', 'http://localhost/crmlaravel/campaign/create', '::1', 'Mozilla/5.0 (Windows NT 6.3; Win64; x64) AppleWebKit/537.36 (KHTML, like Gecko) Chrome/98.0.4758.102 Safari/537.36', NULL, '2022-03-01 06:32:06', '2022-03-01 06:32:06'),
(143, 'App\\Models\\User', 1, 'created', 'App\\Models\\CampaignDetail', 19, '[]', '{\"campaign_id\":21,\"sender_name\":\"test\",\"sender_email\":\"test@gmail.com\",\"sender_reply_email_status\":\"0\",\"sender_reply_email\":null,\"sender_email_service_type\":\"1\",\"schedule_status\":\"0\",\"template_content\":\"<p style=\\\"text-align: left;\\\"><img src=\\\"https:\\/\\/coderzvisiontech.com\\/wp-content\\/uploads\\/2021\\/06\\/Logo@2x-e1623259703142.png\\\" width=\\\"229\\\" height=\\\"63\\\" \\/>&nbsp;<\\/p>\\r\\n<p style=\\\"text-align: left;\\\">Hi &nbsp;<em>{% user_name %} &nbsp;<em>{% user_phone %}<\\/em><\\/em><\\/p>\\r\\n<p style=\\\"text-align: center;\\\">Employee Details<\\/p>\\r\\n<table style=\\\"border-collapse: collapse; width: 91.7985%; height: 188px;\\\" border=\\\"1\\\">\\r\\n<tbody>\\r\\n<tr style=\\\"height: 47px;\\\">\\r\\n<td style=\\\"width: 33.3333%; height: 47px;\\\"><span style=\\\"background-color: #b96ad9;\\\">id<\\/span><\\/td>\\r\\n<td style=\\\"width: 33.3333%; height: 47px;\\\"><span style=\\\"background-color: #e03e2d;\\\">name<\\/span><\\/td>\\r\\n<td style=\\\"width: 33.2016%; height: 47px;\\\"><span style=\\\"background-color: #e03e2d;\\\">description<\\/span><\\/td>\\r\\n<\\/tr>\\r\\n<tr style=\\\"height: 47px;\\\">\\r\\n<td style=\\\"width: 33.3333%; height: 47px;\\\">1<\\/td>\\r\\n<td style=\\\"width: 33.3333%; height: 47px;\\\">karthik1<\\/td>\\r\\n<td style=\\\"width: 33.2016%; height: 47px;\\\">karthik<\\/td>\\r\\n<\\/tr>\\r\\n<tr style=\\\"height: 47px;\\\">\\r\\n<td style=\\\"width: 33.3333%; height: 47px;\\\">2<\\/td>\\r\\n<td style=\\\"width: 33.3333%; height: 47px;\\\">ram<\\/td>\\r\\n<td style=\\\"width: 33.2016%; height: 47px;\\\">ram<\\/td>\\r\\n<\\/tr>\\r\\n<tr style=\\\"height: 47px;\\\">\\r\\n<td style=\\\"width: 33.3333%; height: 47px;\\\">3<\\/td>\\r\\n<td style=\\\"width: 33.3333%; height: 47px;\\\">lp<\\/td>\\r\\n<td style=\\\"width: 33.2016%; height: 47px;\\\">new<\\/td>\\r\\n<\\/tr>\\r\\n<\\/tbody>\\r\\n<\\/table>\\r\\n<p>Hi, this is test content &nbsp;<em>{% user_phone %}<\\/em>.....<\\/p>\",\"campaign_status\":\"active\",\"schedule_datetime\":\"2022-03-01T12:04:06.026671Z\",\"id\":19}', 'http://localhost/crmlaravel/campaign/create', '::1', 'Mozilla/5.0 (Windows NT 6.3; Win64; x64) AppleWebKit/537.36 (KHTML, like Gecko) Chrome/98.0.4758.102 Safari/537.36', NULL, '2022-03-01 12:02:06', '2022-03-01 12:02:06'),
(144, 'App\\Models\\User', 1, 'created', 'App\\Models\\Campaign', 22, '[]', '{\"name\":\"NewTEsta1222a\",\"subject\":\"testt\",\"category_id\":\"0\",\"segment_id\":\"3\",\"status\":\"active\",\"created_by\":1,\"id\":22}', 'http://localhost/crmlaravel/campaign/create', '::1', 'Mozilla/5.0 (Windows NT 6.3; Win64; x64) AppleWebKit/537.36 (KHTML, like Gecko) Chrome/98.0.4758.102 Safari/537.36', NULL, '2022-03-01 06:33:47', '2022-03-01 06:33:47'),
(145, 'App\\Models\\User', 1, 'created', 'App\\Models\\CampaignDetail', 20, '[]', '{\"campaign_id\":22,\"sender_name\":\"test\",\"sender_email\":\"test@gmail.com\",\"sender_reply_email_status\":\"0\",\"sender_reply_email\":null,\"sender_email_service_type\":\"1\",\"schedule_status\":\"0\",\"template_content\":\"<p style=\\\"text-align: left;\\\"><img src=\\\"https:\\/\\/coderzvisiontech.com\\/wp-content\\/uploads\\/2021\\/06\\/Logo@2x-e1623259703142.png\\\" width=\\\"229\\\" height=\\\"63\\\" \\/>&nbsp;<\\/p>\\r\\n<p style=\\\"text-align: left;\\\">Hi &nbsp;<em>{% user_name %} &nbsp;<em>{% user_phone %}<\\/em><\\/em><\\/p>\\r\\n<p style=\\\"text-align: center;\\\">Employee Details<\\/p>\\r\\n<table style=\\\"border-collapse: collapse; width: 91.7985%; height: 188px;\\\" border=\\\"1\\\">\\r\\n<tbody>\\r\\n<tr style=\\\"height: 47px;\\\">\\r\\n<td style=\\\"width: 33.3333%; height: 47px;\\\"><span style=\\\"background-color: #b96ad9;\\\">id<\\/span><\\/td>\\r\\n<td style=\\\"width: 33.3333%; height: 47px;\\\"><span style=\\\"background-color: #e03e2d;\\\">name<\\/span><\\/td>\\r\\n<td style=\\\"width: 33.2016%; height: 47px;\\\"><span style=\\\"background-color: #e03e2d;\\\">description<\\/span><\\/td>\\r\\n<\\/tr>\\r\\n<tr style=\\\"height: 47px;\\\">\\r\\n<td style=\\\"width: 33.3333%; height: 47px;\\\">1<\\/td>\\r\\n<td style=\\\"width: 33.3333%; height: 47px;\\\">karthik1<\\/td>\\r\\n<td style=\\\"width: 33.2016%; height: 47px;\\\">karthik<\\/td>\\r\\n<\\/tr>\\r\\n<tr style=\\\"height: 47px;\\\">\\r\\n<td style=\\\"width: 33.3333%; height: 47px;\\\">2<\\/td>\\r\\n<td style=\\\"width: 33.3333%; height: 47px;\\\">ram<\\/td>\\r\\n<td style=\\\"width: 33.2016%; height: 47px;\\\">ram<\\/td>\\r\\n<\\/tr>\\r\\n<tr style=\\\"height: 47px;\\\">\\r\\n<td style=\\\"width: 33.3333%; height: 47px;\\\">3<\\/td>\\r\\n<td style=\\\"width: 33.3333%; height: 47px;\\\">lp<\\/td>\\r\\n<td style=\\\"width: 33.2016%; height: 47px;\\\">new<\\/td>\\r\\n<\\/tr>\\r\\n<\\/tbody>\\r\\n<\\/table>\\r\\n<p>Hi, this is test content &nbsp;<em>{% user_phone %}<\\/em>.....<\\/p>\",\"campaign_status\":\"active\",\"schedule_datetime\":\"2022-03-01T12:05:47.090283Z\",\"id\":20}', 'http://localhost/crmlaravel/campaign/create', '::1', 'Mozilla/5.0 (Windows NT 6.3; Win64; x64) AppleWebKit/537.36 (KHTML, like Gecko) Chrome/98.0.4758.102 Safari/537.36', NULL, '2022-03-01 12:03:47', '2022-03-01 12:03:47'),
(146, 'App\\Models\\User', 1, 'created', 'App\\Models\\Campaign', 23, '[]', '{\"name\":\"NewTEsta1222aa\",\"subject\":\"testt\",\"category_id\":\"0\",\"segment_id\":\"3\",\"status\":\"active\",\"created_by\":1,\"id\":23}', 'http://localhost/crmlaravel/campaign/create', '::1', 'Mozilla/5.0 (Windows NT 6.3; Win64; x64) AppleWebKit/537.36 (KHTML, like Gecko) Chrome/98.0.4758.102 Safari/537.36', NULL, '2022-03-01 06:34:52', '2022-03-01 06:34:52'),
(147, 'App\\Models\\User', 1, 'created', 'App\\Models\\CampaignDetail', 21, '[]', '{\"campaign_id\":23,\"sender_name\":\"test\",\"sender_email\":\"test@gmail.com\",\"sender_reply_email_status\":\"0\",\"sender_reply_email\":null,\"sender_email_service_type\":\"1\",\"schedule_status\":\"0\",\"template_content\":\"<p style=\\\"text-align: left;\\\"><img src=\\\"https:\\/\\/coderzvisiontech.com\\/wp-content\\/uploads\\/2021\\/06\\/Logo@2x-e1623259703142.png\\\" width=\\\"229\\\" height=\\\"63\\\" \\/>&nbsp;<\\/p>\\r\\n<p style=\\\"text-align: left;\\\">Hi &nbsp;<em>{% user_name %} &nbsp;<em>{% user_phone %}<\\/em><\\/em><\\/p>\\r\\n<p style=\\\"text-align: center;\\\">Employee Details<\\/p>\\r\\n<table style=\\\"border-collapse: collapse; width: 91.7985%; height: 188px;\\\" border=\\\"1\\\">\\r\\n<tbody>\\r\\n<tr style=\\\"height: 47px;\\\">\\r\\n<td style=\\\"width: 33.3333%; height: 47px;\\\"><span style=\\\"background-color: #b96ad9;\\\">id<\\/span><\\/td>\\r\\n<td style=\\\"width: 33.3333%; height: 47px;\\\"><span style=\\\"background-color: #e03e2d;\\\">name<\\/span><\\/td>\\r\\n<td style=\\\"width: 33.2016%; height: 47px;\\\"><span style=\\\"background-color: #e03e2d;\\\">description<\\/span><\\/td>\\r\\n<\\/tr>\\r\\n<tr style=\\\"height: 47px;\\\">\\r\\n<td style=\\\"width: 33.3333%; height: 47px;\\\">1<\\/td>\\r\\n<td style=\\\"width: 33.3333%; height: 47px;\\\">karthik1<\\/td>\\r\\n<td style=\\\"width: 33.2016%; height: 47px;\\\">karthik<\\/td>\\r\\n<\\/tr>\\r\\n<tr style=\\\"height: 47px;\\\">\\r\\n<td style=\\\"width: 33.3333%; height: 47px;\\\">2<\\/td>\\r\\n<td style=\\\"width: 33.3333%; height: 47px;\\\">ram<\\/td>\\r\\n<td style=\\\"width: 33.2016%; height: 47px;\\\">ram<\\/td>\\r\\n<\\/tr>\\r\\n<tr style=\\\"height: 47px;\\\">\\r\\n<td style=\\\"width: 33.3333%; height: 47px;\\\">3<\\/td>\\r\\n<td style=\\\"width: 33.3333%; height: 47px;\\\">lp<\\/td>\\r\\n<td style=\\\"width: 33.2016%; height: 47px;\\\">new<\\/td>\\r\\n<\\/tr>\\r\\n<\\/tbody>\\r\\n<\\/table>\\r\\n<p>Hi, this is test content &nbsp;<em>{% user_phone %}<\\/em>.....<\\/p>\",\"campaign_status\":\"active\",\"schedule_datetime\":\"2022-03-01T12:06:52.163634Z\",\"id\":21}', 'http://localhost/crmlaravel/campaign/create', '::1', 'Mozilla/5.0 (Windows NT 6.3; Win64; x64) AppleWebKit/537.36 (KHTML, like Gecko) Chrome/98.0.4758.102 Safari/537.36', NULL, '2022-03-01 12:04:52', '2022-03-01 12:04:52'),
(148, 'App\\Models\\User', 1, 'created', 'App\\Models\\Campaign', 24, '[]', '{\"name\":\"NewTEsta1222aaas\",\"subject\":\"testt\",\"category_id\":\"0\",\"segment_id\":\"3\",\"status\":\"active\",\"created_by\":1,\"id\":24}', 'http://localhost/crmlaravel/campaign/create', '::1', 'Mozilla/5.0 (Windows NT 6.3; Win64; x64) AppleWebKit/537.36 (KHTML, like Gecko) Chrome/98.0.4758.102 Safari/537.36', NULL, '2022-03-01 06:36:46', '2022-03-01 06:36:46'),
(149, 'App\\Models\\User', 1, 'created', 'App\\Models\\CampaignDetail', 22, '[]', '{\"campaign_id\":24,\"sender_name\":\"test\",\"sender_email\":\"test@gmail.com\",\"sender_reply_email_status\":\"0\",\"sender_reply_email\":null,\"sender_email_service_type\":\"1\",\"schedule_status\":\"0\",\"template_content\":\"<p style=\\\"text-align: left;\\\"><img src=\\\"https:\\/\\/coderzvisiontech.com\\/wp-content\\/uploads\\/2021\\/06\\/Logo@2x-e1623259703142.png\\\" width=\\\"229\\\" height=\\\"63\\\" \\/>&nbsp;<\\/p>\\r\\n<p style=\\\"text-align: left;\\\">Hi &nbsp;<em>{% user_name %} &nbsp;<em>{% user_phone %}<\\/em><\\/em><\\/p>\\r\\n<p style=\\\"text-align: center;\\\">Employee Details<\\/p>\\r\\n<table style=\\\"border-collapse: collapse; width: 91.7985%; height: 188px;\\\" border=\\\"1\\\">\\r\\n<tbody>\\r\\n<tr style=\\\"height: 47px;\\\">\\r\\n<td style=\\\"width: 33.3333%; height: 47px;\\\"><span style=\\\"background-color: #b96ad9;\\\">id<\\/span><\\/td>\\r\\n<td style=\\\"width: 33.3333%; height: 47px;\\\"><span style=\\\"background-color: #e03e2d;\\\">name<\\/span><\\/td>\\r\\n<td style=\\\"width: 33.2016%; height: 47px;\\\"><span style=\\\"background-color: #e03e2d;\\\">description<\\/span><\\/td>\\r\\n<\\/tr>\\r\\n<tr style=\\\"height: 47px;\\\">\\r\\n<td style=\\\"width: 33.3333%; height: 47px;\\\">1<\\/td>\\r\\n<td style=\\\"width: 33.3333%; height: 47px;\\\">karthik1<\\/td>\\r\\n<td style=\\\"width: 33.2016%; height: 47px;\\\">karthik<\\/td>\\r\\n<\\/tr>\\r\\n<tr style=\\\"height: 47px;\\\">\\r\\n<td style=\\\"width: 33.3333%; height: 47px;\\\">2<\\/td>\\r\\n<td style=\\\"width: 33.3333%; height: 47px;\\\">ram<\\/td>\\r\\n<td style=\\\"width: 33.2016%; height: 47px;\\\">ram<\\/td>\\r\\n<\\/tr>\\r\\n<tr style=\\\"height: 47px;\\\">\\r\\n<td style=\\\"width: 33.3333%; height: 47px;\\\">3<\\/td>\\r\\n<td style=\\\"width: 33.3333%; height: 47px;\\\">lp<\\/td>\\r\\n<td style=\\\"width: 33.2016%; height: 47px;\\\">new<\\/td>\\r\\n<\\/tr>\\r\\n<\\/tbody>\\r\\n<\\/table>\\r\\n<p>Hi, this is test content &nbsp;<em>{% user_phone %}<\\/em>.....<\\/p>\",\"campaign_status\":\"active\",\"schedule_datetime\":\"2022-03-01T12:08:46.666726Z\",\"id\":22}', 'http://localhost/crmlaravel/campaign/create', '::1', 'Mozilla/5.0 (Windows NT 6.3; Win64; x64) AppleWebKit/537.36 (KHTML, like Gecko) Chrome/98.0.4758.102 Safari/537.36', NULL, '2022-03-01 12:06:46', '2022-03-01 12:06:46'),
(150, 'App\\Models\\User', 1, 'created', 'App\\Models\\Campaign', 25, '[]', '{\"name\":\"NewTEsta1222aaass\",\"subject\":\"testt\",\"category_id\":\"0\",\"segment_id\":\"3\",\"status\":\"active\",\"created_by\":1,\"id\":25}', 'http://localhost/crmlaravel/campaign/create', '::1', 'Mozilla/5.0 (Windows NT 6.3; Win64; x64) AppleWebKit/537.36 (KHTML, like Gecko) Chrome/98.0.4758.102 Safari/537.36', NULL, '2022-03-01 06:37:57', '2022-03-01 06:37:57'),
(151, 'App\\Models\\User', 1, 'created', 'App\\Models\\CampaignDetail', 23, '[]', '{\"campaign_id\":25,\"sender_name\":\"test\",\"sender_email\":\"test@gmail.com\",\"sender_reply_email_status\":\"0\",\"sender_reply_email\":null,\"sender_email_service_type\":\"1\",\"schedule_status\":\"0\",\"template_content\":\"<p style=\\\"text-align: left;\\\"><img src=\\\"https:\\/\\/coderzvisiontech.com\\/wp-content\\/uploads\\/2021\\/06\\/Logo@2x-e1623259703142.png\\\" width=\\\"229\\\" height=\\\"63\\\" \\/>&nbsp;<\\/p>\\r\\n<p style=\\\"text-align: left;\\\">Hi &nbsp;<em>{% user_name %} &nbsp;<em>{% user_phone %}<\\/em><\\/em><\\/p>\\r\\n<p style=\\\"text-align: center;\\\">Employee Details<\\/p>\\r\\n<table style=\\\"border-collapse: collapse; width: 91.7985%; height: 188px;\\\" border=\\\"1\\\">\\r\\n<tbody>\\r\\n<tr style=\\\"height: 47px;\\\">\\r\\n<td style=\\\"width: 33.3333%; height: 47px;\\\"><span style=\\\"background-color: #b96ad9;\\\">id<\\/span><\\/td>\\r\\n<td style=\\\"width: 33.3333%; height: 47px;\\\"><span style=\\\"background-color: #e03e2d;\\\">name<\\/span><\\/td>\\r\\n<td style=\\\"width: 33.2016%; height: 47px;\\\"><span style=\\\"background-color: #e03e2d;\\\">description<\\/span><\\/td>\\r\\n<\\/tr>\\r\\n<tr style=\\\"height: 47px;\\\">\\r\\n<td style=\\\"width: 33.3333%; height: 47px;\\\">1<\\/td>\\r\\n<td style=\\\"width: 33.3333%; height: 47px;\\\">karthik1<\\/td>\\r\\n<td style=\\\"width: 33.2016%; height: 47px;\\\">karthik<\\/td>\\r\\n<\\/tr>\\r\\n<tr style=\\\"height: 47px;\\\">\\r\\n<td style=\\\"width: 33.3333%; height: 47px;\\\">2<\\/td>\\r\\n<td style=\\\"width: 33.3333%; height: 47px;\\\">ram<\\/td>\\r\\n<td style=\\\"width: 33.2016%; height: 47px;\\\">ram<\\/td>\\r\\n<\\/tr>\\r\\n<tr style=\\\"height: 47px;\\\">\\r\\n<td style=\\\"width: 33.3333%; height: 47px;\\\">3<\\/td>\\r\\n<td style=\\\"width: 33.3333%; height: 47px;\\\">lp<\\/td>\\r\\n<td style=\\\"width: 33.2016%; height: 47px;\\\">new<\\/td>\\r\\n<\\/tr>\\r\\n<\\/tbody>\\r\\n<\\/table>\\r\\n<p>Hi, this is test content &nbsp;<em>{% user_phone %}<\\/em>.....<\\/p>\",\"campaign_status\":\"active\",\"schedule_datetime\":\"2022-03-01T12:09:57.600687Z\",\"id\":23}', 'http://localhost/crmlaravel/campaign/create', '::1', 'Mozilla/5.0 (Windows NT 6.3; Win64; x64) AppleWebKit/537.36 (KHTML, like Gecko) Chrome/98.0.4758.102 Safari/537.36', NULL, '2022-03-01 12:07:57', '2022-03-01 12:07:57'),
(152, 'App\\Models\\User', 1, 'created', 'App\\Models\\Campaign', 26, '[]', '{\"name\":\"NewTEsta1222aaassq\",\"subject\":\"testt\",\"category_id\":\"0\",\"segment_id\":\"3\",\"status\":\"active\",\"created_by\":1,\"id\":26}', 'http://localhost/crmlaravel/campaign/create', '::1', 'Mozilla/5.0 (Windows NT 6.3; Win64; x64) AppleWebKit/537.36 (KHTML, like Gecko) Chrome/98.0.4758.102 Safari/537.36', NULL, '2022-03-01 06:39:44', '2022-03-01 06:39:44'),
(153, 'App\\Models\\User', 1, 'created', 'App\\Models\\CampaignDetail', 24, '[]', '{\"campaign_id\":26,\"sender_name\":\"test\",\"sender_email\":\"test@gmail.com\",\"sender_reply_email_status\":\"0\",\"sender_reply_email\":null,\"sender_email_service_type\":\"1\",\"schedule_status\":\"0\",\"template_content\":\"<p style=\\\"text-align: left;\\\"><img src=\\\"https:\\/\\/coderzvisiontech.com\\/wp-content\\/uploads\\/2021\\/06\\/Logo@2x-e1623259703142.png\\\" width=\\\"229\\\" height=\\\"63\\\" \\/>&nbsp;<\\/p>\\r\\n<p style=\\\"text-align: left;\\\">Hi &nbsp;<em>{% user_name %} &nbsp;<em>{% user_phone %}<\\/em><\\/em><\\/p>\\r\\n<p style=\\\"text-align: center;\\\">Employee Details<\\/p>\\r\\n<table style=\\\"border-collapse: collapse; width: 91.7985%; height: 188px;\\\" border=\\\"1\\\">\\r\\n<tbody>\\r\\n<tr style=\\\"height: 47px;\\\">\\r\\n<td style=\\\"width: 33.3333%; height: 47px;\\\"><span style=\\\"background-color: #b96ad9;\\\">id<\\/span><\\/td>\\r\\n<td style=\\\"width: 33.3333%; height: 47px;\\\"><span style=\\\"background-color: #e03e2d;\\\">name<\\/span><\\/td>\\r\\n<td style=\\\"width: 33.2016%; height: 47px;\\\"><span style=\\\"background-color: #e03e2d;\\\">description<\\/span><\\/td>\\r\\n<\\/tr>\\r\\n<tr style=\\\"height: 47px;\\\">\\r\\n<td style=\\\"width: 33.3333%; height: 47px;\\\">1<\\/td>\\r\\n<td style=\\\"width: 33.3333%; height: 47px;\\\">karthik1<\\/td>\\r\\n<td style=\\\"width: 33.2016%; height: 47px;\\\">karthik<\\/td>\\r\\n<\\/tr>\\r\\n<tr style=\\\"height: 47px;\\\">\\r\\n<td style=\\\"width: 33.3333%; height: 47px;\\\">2<\\/td>\\r\\n<td style=\\\"width: 33.3333%; height: 47px;\\\">ram<\\/td>\\r\\n<td style=\\\"width: 33.2016%; height: 47px;\\\">ram<\\/td>\\r\\n<\\/tr>\\r\\n<tr style=\\\"height: 47px;\\\">\\r\\n<td style=\\\"width: 33.3333%; height: 47px;\\\">3<\\/td>\\r\\n<td style=\\\"width: 33.3333%; height: 47px;\\\">lp<\\/td>\\r\\n<td style=\\\"width: 33.2016%; height: 47px;\\\">new<\\/td>\\r\\n<\\/tr>\\r\\n<\\/tbody>\\r\\n<\\/table>\\r\\n<p>Hi, this is test content &nbsp;<em>{% user_phone %}<\\/em>.....<\\/p>\",\"campaign_status\":\"active\",\"schedule_datetime\":\"2022-03-01T12:11:44.216629Z\",\"id\":24}', 'http://localhost/crmlaravel/campaign/create', '::1', 'Mozilla/5.0 (Windows NT 6.3; Win64; x64) AppleWebKit/537.36 (KHTML, like Gecko) Chrome/98.0.4758.102 Safari/537.36', NULL, '2022-03-01 12:09:44', '2022-03-01 12:09:44'),
(154, 'App\\Models\\User', 1, 'created', 'App\\Models\\Campaign', 27, '[]', '{\"name\":\"NewTEsta1222aaassq1\",\"subject\":\"testt\",\"category_id\":\"0\",\"segment_id\":\"3\",\"status\":\"active\",\"created_by\":1,\"id\":27}', 'http://localhost/crmlaravel/campaign/create', '::1', 'Mozilla/5.0 (Windows NT 6.3; Win64; x64) AppleWebKit/537.36 (KHTML, like Gecko) Chrome/98.0.4758.102 Safari/537.36', NULL, '2022-03-01 06:42:54', '2022-03-01 06:42:54'),
(155, 'App\\Models\\User', 1, 'created', 'App\\Models\\CampaignDetail', 25, '[]', '{\"campaign_id\":27,\"sender_name\":\"test\",\"sender_email\":\"test@gmail.com\",\"sender_reply_email_status\":\"0\",\"sender_reply_email\":null,\"sender_email_service_type\":\"1\",\"schedule_status\":\"0\",\"template_content\":\"<p style=\\\"text-align: left;\\\"><img src=\\\"https:\\/\\/coderzvisiontech.com\\/wp-content\\/uploads\\/2021\\/06\\/Logo@2x-e1623259703142.png\\\" width=\\\"229\\\" height=\\\"63\\\" \\/>&nbsp;<\\/p>\\r\\n<p style=\\\"text-align: left;\\\">Hi &nbsp;<em>{% user_name %} &nbsp;<em>{% user_phone %}<\\/em><\\/em><\\/p>\\r\\n<p style=\\\"text-align: center;\\\">Employee Details<\\/p>\\r\\n<table style=\\\"border-collapse: collapse; width: 91.7985%; height: 188px;\\\" border=\\\"1\\\">\\r\\n<tbody>\\r\\n<tr style=\\\"height: 47px;\\\">\\r\\n<td style=\\\"width: 33.3333%; height: 47px;\\\"><span style=\\\"background-color: #b96ad9;\\\">id<\\/span><\\/td>\\r\\n<td style=\\\"width: 33.3333%; height: 47px;\\\"><span style=\\\"background-color: #e03e2d;\\\">name<\\/span><\\/td>\\r\\n<td style=\\\"width: 33.2016%; height: 47px;\\\"><span style=\\\"background-color: #e03e2d;\\\">description<\\/span><\\/td>\\r\\n<\\/tr>\\r\\n<tr style=\\\"height: 47px;\\\">\\r\\n<td style=\\\"width: 33.3333%; height: 47px;\\\">1<\\/td>\\r\\n<td style=\\\"width: 33.3333%; height: 47px;\\\">karthik1<\\/td>\\r\\n<td style=\\\"width: 33.2016%; height: 47px;\\\">karthik<\\/td>\\r\\n<\\/tr>\\r\\n<tr style=\\\"height: 47px;\\\">\\r\\n<td style=\\\"width: 33.3333%; height: 47px;\\\">2<\\/td>\\r\\n<td style=\\\"width: 33.3333%; height: 47px;\\\">ram<\\/td>\\r\\n<td style=\\\"width: 33.2016%; height: 47px;\\\">ram<\\/td>\\r\\n<\\/tr>\\r\\n<tr style=\\\"height: 47px;\\\">\\r\\n<td style=\\\"width: 33.3333%; height: 47px;\\\">3<\\/td>\\r\\n<td style=\\\"width: 33.3333%; height: 47px;\\\">lp<\\/td>\\r\\n<td style=\\\"width: 33.2016%; height: 47px;\\\">new<\\/td>\\r\\n<\\/tr>\\r\\n<\\/tbody>\\r\\n<\\/table>\\r\\n<p>Hi, this is test content &nbsp;<em>{% user_phone %}<\\/em>.....<\\/p>\",\"campaign_status\":\"active\",\"schedule_datetime\":\"2022-03-01T12:14:54.481099Z\",\"id\":25}', 'http://localhost/crmlaravel/campaign/create', '::1', 'Mozilla/5.0 (Windows NT 6.3; Win64; x64) AppleWebKit/537.36 (KHTML, like Gecko) Chrome/98.0.4758.102 Safari/537.36', NULL, '2022-03-01 12:12:54', '2022-03-01 12:12:54'),
(156, 'App\\Models\\User', 1, 'updated', 'App\\Models\\Campaign', 27, '{\"updated_by\":null}', '{\"updated_by\":1}', 'http://localhost/crmlaravel/campaign/edit/27', '::1', 'Mozilla/5.0 (Windows NT 6.3; Win64; x64) AppleWebKit/537.36 (KHTML, like Gecko) Chrome/98.0.4758.102 Safari/537.36', NULL, '2022-03-01 06:44:26', '2022-03-01 06:44:26'),
(157, 'App\\Models\\User', 1, 'updated', 'App\\Models\\CampaignDetail', 25, '{\"schedule_status\":0}', '{\"schedule_status\":\"1\"}', 'http://localhost/crmlaravel/campaign/edit/27', '::1', 'Mozilla/5.0 (Windows NT 6.3; Win64; x64) AppleWebKit/537.36 (KHTML, like Gecko) Chrome/98.0.4758.102 Safari/537.36', NULL, '2022-03-01 06:46:12', '2022-03-01 06:46:12'),
(158, 'App\\Models\\User', 1, 'created', 'App\\Models\\Campaign', 29, '[]', '{\"name\":\"NewTEsta544\",\"subject\":\"testt\",\"category_id\":\"0\",\"segment_id\":\"3\",\"status\":\"active\",\"created_by\":1,\"id\":29}', 'http://localhost/crmlaravel/campaign/create', '::1', 'Mozilla/5.0 (Windows NT 6.3; Win64; x64) AppleWebKit/537.36 (KHTML, like Gecko) Chrome/98.0.4758.102 Safari/537.36', NULL, '2022-03-01 07:15:44', '2022-03-01 07:15:44'),
(159, 'App\\Models\\User', 1, 'created', 'App\\Models\\Campaign', 30, '[]', '{\"name\":\"NewTEsta544w\",\"subject\":\"testt\",\"category_id\":\"0\",\"segment_id\":\"3\",\"status\":\"active\",\"created_by\":1,\"id\":30}', 'http://localhost/crmlaravel/campaign/create', '::1', 'Mozilla/5.0 (Windows NT 6.3; Win64; x64) AppleWebKit/537.36 (KHTML, like Gecko) Chrome/98.0.4758.102 Safari/537.36', NULL, '2022-03-01 07:16:22', '2022-03-01 07:16:22'),
(160, 'App\\Models\\User', 1, 'created', 'App\\Models\\Campaign', 32, '[]', '{\"name\":\"NewTEsta544wa\",\"subject\":\"testt\",\"category_id\":\"0\",\"segment_id\":\"3\",\"status\":\"active\",\"created_by\":1,\"id\":32}', 'http://localhost/crmlaravel/campaign/create', '::1', 'Mozilla/5.0 (Windows NT 6.3; Win64; x64) AppleWebKit/537.36 (KHTML, like Gecko) Chrome/98.0.4758.102 Safari/537.36', NULL, '2022-03-01 07:17:48', '2022-03-01 07:17:48'),
(161, 'App\\Models\\User', 1, 'updated', 'App\\Models\\CampaignDetail', 25, '{\"schedule_status\":1,\"schedule_datetime\":null,\"campaign_status\":\"draft\",\"template_content\":\"<p style=\\\"text-align: left;\\\"><img src=\\\"https:\\/\\/coderzvisiontech.com\\/wp-content\\/uploads\\/2021\\/06\\/Logo@2x-e1623259703142.png\\\" width=\\\"229\\\" height=\\\"63\\\" \\/>&nbsp;<\\/p>\\n<p style=\\\"text-align: left;\\\">Hi &nbsp;<em>{% user_name %} &nbsp;<em>{% user_phone %}<\\/em><\\/em><\\/p>\\n<p style=\\\"text-align: center;\\\">Employee Details<\\/p>\\n<table style=\\\"border-collapse: collapse; width: 91.7985%; height: 188px;\\\" border=\\\"1\\\">\\n<tbody>\\n<tr style=\\\"height: 47px;\\\">\\n<td style=\\\"width: 33.3333%; height: 47px;\\\"><span style=\\\"background-color: #b96ad9;\\\">id<\\/span><\\/td>\\n<td style=\\\"width: 33.3333%; height: 47px;\\\"><span style=\\\"background-color: #e03e2d;\\\">name<\\/span><\\/td>\\n<td style=\\\"width: 33.2016%; height: 47px;\\\"><span style=\\\"background-color: #e03e2d;\\\">description<\\/span><\\/td>\\n<\\/tr>\\n<tr style=\\\"height: 47px;\\\">\\n<td style=\\\"width: 33.3333%; height: 47px;\\\">1<\\/td>\\n<td style=\\\"width: 33.3333%; height: 47px;\\\">karthik1<\\/td>\\n<td style=\\\"width: 33.2016%; height: 47px;\\\">karthik<\\/td>\\n<\\/tr>\\n<tr style=\\\"height: 47px;\\\">\\n<td style=\\\"width: 33.3333%; height: 47px;\\\">2<\\/td>\\n<td style=\\\"width: 33.3333%; height: 47px;\\\">ram<\\/td>\\n<td style=\\\"width: 33.2016%; height: 47px;\\\">ram<\\/td>\\n<\\/tr>\\n<tr style=\\\"height: 47px;\\\">\\n<td style=\\\"width: 33.3333%; height: 47px;\\\">3<\\/td>\\n<td style=\\\"width: 33.3333%; height: 47px;\\\">lp<\\/td>\\n<td style=\\\"width: 33.2016%; height: 47px;\\\">new<\\/td>\\n<\\/tr>\\n<\\/tbody>\\n<\\/table>\\n<p>Hi, this is test content &nbsp;<em>{% user_phone %}<\\/em>.....<\\/p>\"}', '{\"schedule_status\":\"0\",\"schedule_datetime\":\"2022-03-01T12:59:58.788189Z\",\"campaign_status\":\"active\",\"template_content\":\"<p style=\\\"text-align: left;\\\"><img src=\\\"https:\\/\\/coderzvisiontech.com\\/wp-content\\/uploads\\/2021\\/06\\/Logo@2x-e1623259703142.png\\\" width=\\\"229\\\" height=\\\"63\\\" \\/>&nbsp;<\\/p>\\r\\n<p style=\\\"text-align: left;\\\">Hi &nbsp;<em>{% user_name %} &nbsp;<em>{% user_phone %}<\\/em><\\/em><\\/p>\\r\\n<p style=\\\"text-align: center;\\\">Employee Details<\\/p>\\r\\n<table style=\\\"border-collapse: collapse; width: 91.7985%; height: 188px;\\\" border=\\\"1\\\">\\r\\n<tbody>\\r\\n<tr style=\\\"height: 47px;\\\">\\r\\n<td style=\\\"width: 33.3333%; height: 47px;\\\"><span style=\\\"background-color: #b96ad9;\\\">id<\\/span><\\/td>\\r\\n<td style=\\\"width: 33.3333%; height: 47px;\\\"><span style=\\\"background-color: #e03e2d;\\\">name<\\/span><\\/td>\\r\\n<td style=\\\"width: 33.2016%; height: 47px;\\\"><span style=\\\"background-color: #e03e2d;\\\">description<\\/span><\\/td>\\r\\n<\\/tr>\\r\\n<tr style=\\\"height: 47px;\\\">\\r\\n<td style=\\\"width: 33.3333%; height: 47px;\\\">1<\\/td>\\r\\n<td style=\\\"width: 33.3333%; height: 47px;\\\">karthik1<\\/td>\\r\\n<td style=\\\"width: 33.2016%; height: 47px;\\\">karthik<\\/td>\\r\\n<\\/tr>\\r\\n<tr style=\\\"height: 47px;\\\">\\r\\n<td style=\\\"width: 33.3333%; height: 47px;\\\">2<\\/td>\\r\\n<td style=\\\"width: 33.3333%; height: 47px;\\\">ram<\\/td>\\r\\n<td style=\\\"width: 33.2016%; height: 47px;\\\">ram<\\/td>\\r\\n<\\/tr>\\r\\n<tr style=\\\"height: 47px;\\\">\\r\\n<td style=\\\"width: 33.3333%; height: 47px;\\\">3<\\/td>\\r\\n<td style=\\\"width: 33.3333%; height: 47px;\\\">lp<\\/td>\\r\\n<td style=\\\"width: 33.2016%; height: 47px;\\\">new<\\/td>\\r\\n<\\/tr>\\r\\n<\\/tbody>\\r\\n<\\/table>\\r\\n<p>Hi, this is test content &nbsp;<em>{% user_phone %}<\\/em>.....<\\/p>\"}', 'http://localhost/crmlaravel/campaign/edit/27', '::1', 'Mozilla/5.0 (Windows NT 6.3; Win64; x64) AppleWebKit/537.36 (KHTML, like Gecko) Chrome/98.0.4758.102 Safari/537.36', NULL, '2022-03-01 12:57:58', '2022-03-01 12:57:58'),
(162, 'App\\Models\\User', 1, 'updated', 'App\\Models\\CampaignDetail', 25, '{\"schedule_datetime\":\"2022-03-01 18:29:58\"}', '{\"schedule_datetime\":\"2022-03-01T13:00:28.661387Z\"}', 'http://localhost/crmlaravel/campaign/edit/27', '::1', 'Mozilla/5.0 (Windows NT 6.3; Win64; x64) AppleWebKit/537.36 (KHTML, like Gecko) Chrome/98.0.4758.102 Safari/537.36', NULL, '2022-03-01 12:58:28', '2022-03-01 12:58:28'),
(163, 'App\\Models\\User', 1, 'updated', 'App\\Models\\CampaignDetail', 25, '{\"schedule_datetime\":\"2022-03-01 18:30:28\"}', '{\"schedule_datetime\":\"2022-03-01T13:00:40.815423Z\"}', 'http://localhost/crmlaravel/campaign/edit/27', '::1', 'Mozilla/5.0 (Windows NT 6.3; Win64; x64) AppleWebKit/537.36 (KHTML, like Gecko) Chrome/98.0.4758.102 Safari/537.36', NULL, '2022-03-01 12:58:40', '2022-03-01 12:58:40'),
(164, 'App\\Models\\User', 1, 'updated', 'App\\Models\\CampaignDetail', 25, '{\"schedule_datetime\":\"2022-03-01 18:30:40\"}', '{\"schedule_datetime\":\"2022-03-01T13:01:25.183301Z\"}', 'http://localhost/crmlaravel/campaign/edit/27', '::1', 'Mozilla/5.0 (Windows NT 6.3; Win64; x64) AppleWebKit/537.36 (KHTML, like Gecko) Chrome/98.0.4758.102 Safari/537.36', NULL, '2022-03-01 12:59:25', '2022-03-01 12:59:25'),
(165, 'App\\Models\\User', 1, 'updated', 'App\\Models\\CampaignDetail', 25, '{\"schedule_datetime\":\"2022-03-01 18:31:25\"}', '{\"schedule_datetime\":\"2022-03-01T13:01:41.326353Z\"}', 'http://localhost/crmlaravel/campaign/edit/27', '::1', 'Mozilla/5.0 (Windows NT 6.3; Win64; x64) AppleWebKit/537.36 (KHTML, like Gecko) Chrome/98.0.4758.102 Safari/537.36', NULL, '2022-03-01 12:59:41', '2022-03-01 12:59:41'),
(166, 'App\\Models\\User', 1, 'created', 'App\\Models\\Campaign', 33, '[]', '{\"name\":\"NewTEsta1222awe\",\"subject\":\"testt\",\"category_id\":\"0\",\"segment_id\":\"3\",\"status\":\"active\",\"created_by\":1,\"id\":33}', 'http://localhost/crmlaravel/campaign/create', '::1', 'Mozilla/5.0 (Windows NT 6.3; Win64; x64) AppleWebKit/537.36 (KHTML, like Gecko) Chrome/98.0.4758.102 Safari/537.36', NULL, '2022-03-01 07:31:36', '2022-03-01 07:31:36'),
(167, 'App\\Models\\User', 1, 'created', 'App\\Models\\CampaignDetail', 26, '[]', '{\"campaign_id\":33,\"sender_name\":\"testt\",\"sender_email\":\"test@gmail.com\",\"sender_reply_email_status\":\"0\",\"sender_reply_email\":null,\"sender_email_service_type\":\"1\",\"schedule_status\":\"0\",\"template_content\":\"<p style=\\\"text-align: left;\\\"><img src=\\\"https:\\/\\/coderzvisiontech.com\\/wp-content\\/uploads\\/2021\\/06\\/Logo@2x-e1623259703142.png\\\" width=\\\"229\\\" height=\\\"63\\\" \\/>&nbsp;<\\/p>\\r\\n<p style=\\\"text-align: left;\\\">Hi &nbsp;<em>{% user_name %} &nbsp;<em>{% user_phone %}<\\/em><\\/em><\\/p>\\r\\n<p style=\\\"text-align: center;\\\">Employee Details<\\/p>\\r\\n<table style=\\\"border-collapse: collapse; width: 91.7985%; height: 188px;\\\" border=\\\"1\\\">\\r\\n<tbody>\\r\\n<tr style=\\\"height: 47px;\\\">\\r\\n<td style=\\\"width: 33.3333%; height: 47px;\\\"><span style=\\\"background-color: #b96ad9;\\\">id<\\/span><\\/td>\\r\\n<td style=\\\"width: 33.3333%; height: 47px;\\\"><span style=\\\"background-color: #e03e2d;\\\">name<\\/span><\\/td>\\r\\n<td style=\\\"width: 33.2016%; height: 47px;\\\"><span style=\\\"background-color: #e03e2d;\\\">description<\\/span><\\/td>\\r\\n<\\/tr>\\r\\n<tr style=\\\"height: 47px;\\\">\\r\\n<td style=\\\"width: 33.3333%; height: 47px;\\\">1<\\/td>\\r\\n<td style=\\\"width: 33.3333%; height: 47px;\\\">karthik1<\\/td>\\r\\n<td style=\\\"width: 33.2016%; height: 47px;\\\">karthik<\\/td>\\r\\n<\\/tr>\\r\\n<tr style=\\\"height: 47px;\\\">\\r\\n<td style=\\\"width: 33.3333%; height: 47px;\\\">2<\\/td>\\r\\n<td style=\\\"width: 33.3333%; height: 47px;\\\">ram<\\/td>\\r\\n<td style=\\\"width: 33.2016%; height: 47px;\\\">ram<\\/td>\\r\\n<\\/tr>\\r\\n<tr style=\\\"height: 47px;\\\">\\r\\n<td style=\\\"width: 33.3333%; height: 47px;\\\">3<\\/td>\\r\\n<td style=\\\"width: 33.3333%; height: 47px;\\\">lp<\\/td>\\r\\n<td style=\\\"width: 33.2016%; height: 47px;\\\">new<\\/td>\\r\\n<\\/tr>\\r\\n<\\/tbody>\\r\\n<\\/table>\\r\\n<p>Hi, this is test content &nbsp;<em>&nbsp;{% user_email %}<\\/em>.....<\\/p>\",\"campaign_status\":\"active\",\"schedule_datetime\":\"2022-03-01T13:03:36.334585Z\",\"id\":26}', 'http://localhost/crmlaravel/campaign/create', '::1', 'Mozilla/5.0 (Windows NT 6.3; Win64; x64) AppleWebKit/537.36 (KHTML, like Gecko) Chrome/98.0.4758.102 Safari/537.36', NULL, '2022-03-01 13:01:36', '2022-03-01 13:01:36'),
(168, 'App\\Models\\User', 1, 'updated', 'App\\Models\\Campaign', 12, '{\"updated_by\":null}', '{\"updated_by\":1}', 'http://localhost/crmlaravel/campaign/edit/12', '::1', 'Mozilla/5.0 (Windows NT 6.3; Win64; x64) AppleWebKit/537.36 (KHTML, like Gecko) Chrome/98.0.4758.102 Safari/537.36', NULL, '2022-03-02 05:59:50', '2022-03-02 05:59:50'),
(169, 'App\\Models\\User', 1, 'updated', 'App\\Models\\Campaign', 12, '{\"updated_by\":null}', '{\"updated_by\":1}', 'http://localhost/crmlaravel/campaign/edit/12', '::1', 'Mozilla/5.0 (Windows NT 6.3; Win64; x64) AppleWebKit/537.36 (KHTML, like Gecko) Chrome/98.0.4758.102 Safari/537.36', NULL, '2022-03-02 06:31:59', '2022-03-02 06:31:59'),
(170, 'App\\Models\\User', 1, 'updated', 'App\\Models\\CampaignDetail', 12, '{\"schedule_status\":1,\"schedule_datetime\":\"2022-03-03 17:18:00\"}', '{\"schedule_status\":\"0\",\"schedule_datetime\":\"2022-03-02T12:26:37.463919Z\"}', 'http://localhost/crmlaravel/campaign/edit/12', '::1', 'Mozilla/5.0 (Windows NT 6.3; Win64; x64) AppleWebKit/537.36 (KHTML, like Gecko) Chrome/98.0.4758.102 Safari/537.36', NULL, '2022-03-02 12:24:45', '2022-03-02 12:24:45'),
(171, 'App\\Models\\User', 1, 'updated', 'App\\Models\\CampaignDetail', 12, '{\"schedule_datetime\":\"2022-03-02 17:56:37\"}', '{\"schedule_datetime\":\"2022-03-02T12:27:38.459092Z\"}', 'http://localhost/crmlaravel/campaign/edit/12', '::1', 'Mozilla/5.0 (Windows NT 6.3; Win64; x64) AppleWebKit/537.36 (KHTML, like Gecko) Chrome/98.0.4758.102 Safari/537.36', NULL, '2022-03-02 12:25:46', '2022-03-02 12:25:46'),
(172, 'App\\Models\\User', 1, 'updated', 'App\\Models\\CampaignDetail', 12, '{\"schedule_datetime\":\"2022-03-02 17:57:38\"}', '{\"schedule_datetime\":\"2022-03-02T12:34:23.811302Z\"}', 'http://localhost/crmlaravel/campaign/edit/12', '::1', 'Mozilla/5.0 (Windows NT 6.3; Win64; x64) AppleWebKit/537.36 (KHTML, like Gecko) Chrome/98.0.4758.102 Safari/537.36', NULL, '2022-03-02 12:32:23', '2022-03-02 12:32:23'),
(173, 'App\\Models\\User', 1, 'updated', 'App\\Models\\CampaignDetail', 12, '{\"schedule_datetime\":\"2022-03-02 18:04:23\"}', '{\"schedule_datetime\":\"2022-03-02T12:35:18.509802Z\"}', 'http://localhost/crmlaravel/campaign/edit/12', '::1', 'Mozilla/5.0 (Windows NT 6.3; Win64; x64) AppleWebKit/537.36 (KHTML, like Gecko) Chrome/98.0.4758.102 Safari/537.36', NULL, '2022-03-02 12:33:18', '2022-03-02 12:33:18'),
(174, 'App\\Models\\User', 1, 'updated', 'App\\Models\\CampaignDetail', 12, '{\"schedule_datetime\":\"2022-03-02 18:05:18\"}', '{\"schedule_datetime\":\"2022-03-02T12:56:42.355520Z\"}', 'http://localhost/crmlaravel/campaign/edit/12', '::1', 'Mozilla/5.0 (Windows NT 6.3; Win64; x64) AppleWebKit/537.36 (KHTML, like Gecko) Chrome/98.0.4758.102 Safari/537.36', NULL, '2022-03-02 12:54:42', '2022-03-02 12:54:42'),
(175, 'App\\Models\\User', 1, 'updated', 'App\\Models\\CampaignDetail', 12, '{\"schedule_datetime\":\"2022-03-02 18:26:42\"}', '{\"schedule_datetime\":\"2022-03-02T12:57:42.409346Z\"}', 'http://localhost/crmlaravel/campaign/edit/12', '::1', 'Mozilla/5.0 (Windows NT 6.3; Win64; x64) AppleWebKit/537.36 (KHTML, like Gecko) Chrome/98.0.4758.102 Safari/537.36', NULL, '2022-03-02 12:55:42', '2022-03-02 12:55:42'),
(176, 'App\\Models\\User', 1, 'updated', 'App\\Models\\CampaignDetail', 12, '{\"schedule_datetime\":\"2022-03-02 18:27:42\"}', '{\"schedule_datetime\":\"2022-03-02T13:00:06.035541Z\"}', 'http://localhost/crmlaravel/campaign/edit/12', '::1', 'Mozilla/5.0 (Windows NT 6.3; Win64; x64) AppleWebKit/537.36 (KHTML, like Gecko) Chrome/98.0.4758.102 Safari/537.36', NULL, '2022-03-02 12:58:06', '2022-03-02 12:58:06'),
(177, 'App\\Models\\User', 1, 'updated', 'App\\Models\\CampaignDetail', 12, '{\"schedule_datetime\":\"2022-03-02 18:30:06\"}', '{\"schedule_datetime\":\"2022-03-02T13:00:27.143533Z\"}', 'http://localhost/crmlaravel/campaign/edit/12', '::1', 'Mozilla/5.0 (Windows NT 6.3; Win64; x64) AppleWebKit/537.36 (KHTML, like Gecko) Chrome/98.0.4758.102 Safari/537.36', NULL, '2022-03-02 12:58:27', '2022-03-02 12:58:27'),
(178, 'App\\Models\\User', 1, 'updated', 'App\\Models\\CampaignDetail', 12, '{\"schedule_datetime\":\"2022-03-02 18:30:27\"}', '{\"schedule_datetime\":\"2022-03-02T13:02:01.239679Z\"}', 'http://localhost/crmlaravel/campaign/edit/12', '::1', 'Mozilla/5.0 (Windows NT 6.3; Win64; x64) AppleWebKit/537.36 (KHTML, like Gecko) Chrome/98.0.4758.102 Safari/537.36', NULL, '2022-03-02 13:00:01', '2022-03-02 13:00:01'),
(179, 'App\\Models\\User', 1, 'updated', 'App\\Models\\CampaignDetail', 12, '{\"schedule_datetime\":\"2022-03-02 18:32:01\"}', '{\"schedule_datetime\":\"2022-03-02T13:04:00.452906Z\"}', 'http://localhost/crmlaravel/campaign/edit/12', '::1', 'Mozilla/5.0 (Windows NT 6.3; Win64; x64) AppleWebKit/537.36 (KHTML, like Gecko) Chrome/98.0.4758.102 Safari/537.36', NULL, '2022-03-02 13:02:00', '2022-03-02 13:02:00'),
(180, 'App\\Models\\User', 1, 'updated', 'App\\Models\\CampaignDetail', 12, '{\"schedule_datetime\":\"2022-03-02 18:34:00\"}', '{\"schedule_datetime\":\"2022-03-02T13:04:40.458603Z\"}', 'http://localhost/crmlaravel/campaign/edit/12', '::1', 'Mozilla/5.0 (Windows NT 6.3; Win64; x64) AppleWebKit/537.36 (KHTML, like Gecko) Chrome/98.0.4758.102 Safari/537.36', NULL, '2022-03-02 13:02:40', '2022-03-02 13:02:40');

-- --------------------------------------------------------

--
-- Table structure for table `campaigns`
--

CREATE TABLE `campaigns` (
  `id` bigint(20) UNSIGNED NOT NULL,
  `name` varchar(100) COLLATE utf8mb4_unicode_ci NOT NULL,
  `subject` varchar(100) COLLATE utf8mb4_unicode_ci NOT NULL,
  `category_id` bigint(20) DEFAULT 0,
  `segment_id` bigint(20) NOT NULL,
  `status` varchar(255) COLLATE utf8mb4_unicode_ci NOT NULL DEFAULT 'draft',
  `created_by` bigint(20) DEFAULT NULL,
  `updated_by` bigint(20) DEFAULT NULL,
  `deleted_by` bigint(20) DEFAULT NULL,
  `created_at` timestamp NULL DEFAULT NULL,
  `updated_at` timestamp NULL DEFAULT NULL,
  `deleted_at` timestamp NULL DEFAULT NULL
) ENGINE=InnoDB DEFAULT CHARSET=utf8mb4 COLLATE=utf8mb4_unicode_ci;

--
-- Dumping data for table `campaigns`
--

INSERT INTO `campaigns` (`id`, `name`, `subject`, `category_id`, `segment_id`, `status`, `created_by`, `updated_by`, `deleted_by`, `created_at`, `updated_at`, `deleted_at`) VALUES
(1, 'Campaign1232', 'This is first campaign', 1, 1, 'active', 1, 1, NULL, '2022-02-18 13:56:52', '2022-02-19 00:46:02', NULL),
(2, 'Campaign2', 'Campaign2', 0, 1, 'active', 1, NULL, NULL, '2022-02-18 23:11:26', '2022-02-18 23:11:26', NULL),
(3, 'Campaign3', 'Campaign3', 0, 1, 'active', 1, NULL, NULL, '2022-02-18 23:45:26', '2022-02-18 23:45:26', NULL),
(4, 'campaign4', 'campaign4', 1, 1, 'active', 1, 1, NULL, NULL, '2022-02-20 00:50:45', NULL),
(5, 'NewseoCampaign', 'NewseoCampaign', 2, 3, 'active', 1, 1, NULL, '2022-02-19 02:20:08', '2022-02-19 02:22:44', NULL),
(6, 'Testnew', 'test', 0, 2, 'active', 1, NULL, NULL, '2022-02-20 01:07:40', '2022-02-20 01:07:40', NULL),
(9, 'Testnew1w', 'test', 0, 2, 'active', 1, NULL, NULL, '2022-02-20 01:11:06', '2022-02-20 01:11:06', NULL),
(11, 'Testnew1wa', 'test', 0, 2, 'active', 1, 1, NULL, '2022-02-20 01:12:29', '2022-02-20 01:13:29', NULL),
(12, 'Test233', 'new', 0, 2, 'active', 1, 1, NULL, '2022-02-20 01:25:55', '2022-03-02 06:31:59', NULL),
(14, 'Test222', 'Testt', 0, 5, 'active', 1, 1, NULL, '2022-02-22 13:34:25', '2022-02-22 13:35:26', NULL),
(15, 'NewTEst', 'testt', 0, 3, 'active', 1, NULL, NULL, '2022-03-01 06:20:54', '2022-03-01 06:20:54', NULL),
(16, 'NewTEsta', 'testt', 0, 3, 'active', 1, NULL, NULL, '2022-03-01 06:25:09', '2022-03-01 06:25:09', NULL),
(18, 'NewTEstaa', 'testt', 0, 3, 'active', 1, NULL, NULL, '2022-03-01 06:26:51', '2022-03-01 06:26:51', NULL),
(19, 'NewTEstaaq', 'testt', 0, 3, 'active', 1, NULL, NULL, '2022-03-01 06:27:53', '2022-03-01 06:27:53', NULL),
(20, 'NewTEstaaq1', 'testt', 0, 3, 'active', 1, NULL, NULL, '2022-03-01 06:29:34', '2022-03-01 06:29:34', NULL),
(21, 'NewTEsta1222', 'testt', 0, 3, 'active', 1, NULL, NULL, '2022-03-01 06:32:06', '2022-03-01 06:32:06', NULL),
(22, 'NewTEsta1222a', 'testt', 0, 3, 'active', 1, NULL, NULL, '2022-03-01 06:33:47', '2022-03-01 06:33:47', NULL),
(23, 'NewTEsta1222aa', 'testt', 0, 3, 'active', 1, NULL, NULL, '2022-03-01 06:34:52', '2022-03-01 06:34:52', NULL),
(24, 'NewTEsta1222aaas', 'testt', 0, 3, 'active', 1, NULL, NULL, '2022-03-01 06:36:46', '2022-03-01 06:36:46', NULL),
(25, 'NewTEsta1222aaass', 'testt', 0, 3, 'active', 1, NULL, NULL, '2022-03-01 06:37:57', '2022-03-01 06:37:57', NULL),
(26, 'NewTEsta1222aaassq', 'testt', 0, 3, 'active', 1, NULL, NULL, '2022-03-01 06:39:44', '2022-03-01 06:39:44', NULL),
(27, 'NewTEsta1222aaassq1', 'testt', 0, 3, 'active', 1, 1, NULL, '2022-03-01 06:42:54', '2022-03-01 06:44:26', NULL),
(29, 'NewTEsta544', 'testt', 0, 3, 'active', 1, NULL, NULL, '2022-03-01 07:15:44', '2022-03-01 07:15:44', NULL),
(30, 'NewTEsta544w', 'testt', 0, 3, 'active', 1, NULL, NULL, '2022-03-01 07:16:22', '2022-03-01 07:16:22', NULL),
(32, 'NewTEsta544wa', 'testt', 0, 3, 'active', 1, NULL, NULL, '2022-03-01 07:17:48', '2022-03-01 07:17:48', NULL),
(33, 'NewTEsta1222awe', 'testt', 0, 3, 'active', 1, NULL, NULL, '2022-03-01 07:31:36', '2022-03-01 07:31:36', NULL);

-- --------------------------------------------------------

--
-- Table structure for table `campaign_details`
--

CREATE TABLE `campaign_details` (
  `id` bigint(20) UNSIGNED NOT NULL,
  `campaign_id` bigint(20) NOT NULL,
  `sender_name` varchar(100) COLLATE utf8mb4_unicode_ci NOT NULL,
  `sender_email` varchar(100) COLLATE utf8mb4_unicode_ci NOT NULL,
  `sender_reply_email_status` tinyint(4) NOT NULL DEFAULT 0,
  `sender_reply_email` varchar(100) COLLATE utf8mb4_unicode_ci DEFAULT NULL,
  `sender_email_service_type` tinyint(4) NOT NULL DEFAULT 0,
  `schedule_status` tinyint(4) NOT NULL DEFAULT 0,
  `schedule_datetime` timestamp NULL DEFAULT NULL,
  `campaign_status` varchar(10) COLLATE utf8mb4_unicode_ci NOT NULL DEFAULT 'draft',
  `template_content` text COLLATE utf8mb4_unicode_ci DEFAULT NULL,
  `created_by` bigint(20) DEFAULT NULL,
  `updated_by` bigint(20) DEFAULT NULL,
  `deleted_by` bigint(20) DEFAULT NULL,
  `created_at` timestamp NULL DEFAULT NULL,
  `updated_at` timestamp NULL DEFAULT NULL,
  `deleted_at` timestamp NULL DEFAULT NULL
) ENGINE=InnoDB DEFAULT CHARSET=utf8mb4 COLLATE=utf8mb4_unicode_ci;

--
-- Dumping data for table `campaign_details`
--

INSERT INTO `campaign_details` (`id`, `campaign_id`, `sender_name`, `sender_email`, `sender_reply_email_status`, `sender_reply_email`, `sender_email_service_type`, `schedule_status`, `schedule_datetime`, `campaign_status`, `template_content`, `created_by`, `updated_by`, `deleted_by`, `created_at`, `updated_at`, `deleted_at`) VALUES
(1, 1, 'karthik', 'karthik@coderzvisiontech.com', 0, NULL, 1, 0, '2022-02-19 06:18:02', 'active', NULL, NULL, NULL, NULL, '2022-02-18 19:26:52', '2022-02-19 06:16:02', NULL),
(2, 2, 'sender', 'user1@gmail.com', 0, NULL, 1, 0, '2022-02-19 04:43:26', 'active', NULL, NULL, NULL, NULL, '2022-02-19 04:41:26', '2022-02-19 04:41:26', NULL),
(3, 3, 'Campaign3', 'user2@gmail.com', 0, NULL, 1, 0, '2022-02-19 05:17:26', 'active', NULL, NULL, NULL, NULL, '2022-02-19 05:15:26', '2022-02-19 05:15:26', NULL),
(4, 4, 'user4', 'user4@gmail.com', 0, NULL, 1, 1, NULL, 'draft', NULL, NULL, NULL, NULL, '2022-02-19 05:38:43', '2022-02-20 00:49:35', NULL),
(6, 5, 'Test12', 'test@gmail.com', 1, 'testt2gmail.com', 1, 1, '2022-02-20 13:09:00', 'active', NULL, NULL, NULL, NULL, '2022-02-19 02:20:08', '2022-02-19 07:39:27', NULL),
(9, 6, 'sender', 'sender@gmail.com', 0, NULL, 0, 0, '2022-02-20 06:39:40', 'active', NULL, NULL, NULL, NULL, '2022-02-20 06:37:40', '2022-02-20 06:37:40', NULL),
(10, 9, 'sender', 'sender@gmail.com', 1, 'Test@gmail.com', 0, 0, '2022-02-20 06:43:06', 'active', NULL, NULL, NULL, NULL, '2022-02-20 06:41:06', '2022-02-20 06:41:06', NULL),
(11, 11, 'sender', 'sender@gmail.com', 0, 'Test@gmail.com', 1, 1, '2022-02-24 06:43:00', 'active', NULL, NULL, NULL, NULL, '2022-02-20 01:12:29', '2022-02-20 01:13:29', NULL),
(12, 12, 'sender1', 'sender@gmail.com', 0, NULL, 1, 0, '2022-03-02 13:04:40', 'active', '<p style=\"text-align: left;\"><img src=\"https://coderzvisiontech.com/wp-content/uploads/2021/06/Logo@2x-e1623259703142.png\" width=\"229\" height=\"63\" />&nbsp;</p>\r\n<p style=\"text-align: left;\">Hi &nbsp;<em>{% user_name %} &nbsp;<em>{% user_phone %}</em></em></p>\r\n<p style=\"text-align: center;\">Employee Details</p>\r\n<table style=\"border-collapse: collapse; width: 91.7985%; height: 188px;\" border=\"1\">\r\n<tbody>\r\n<tr style=\"height: 47px;\">\r\n<td style=\"width: 33.3333%; height: 47px;\"><span style=\"background-color: #b96ad9;\">id</span></td>\r\n<td style=\"width: 33.3333%; height: 47px;\"><span style=\"background-color: #e03e2d;\">name</span></td>\r\n<td style=\"width: 33.2016%; height: 47px;\"><span style=\"background-color: #e03e2d;\">description</span></td>\r\n</tr>\r\n<tr style=\"height: 47px;\">\r\n<td style=\"width: 33.3333%; height: 47px;\">1</td>\r\n<td style=\"width: 33.3333%; height: 47px;\">karthik1</td>\r\n<td style=\"width: 33.2016%; height: 47px;\">karthik</td>\r\n</tr>\r\n<tr style=\"height: 47px;\">\r\n<td style=\"width: 33.3333%; height: 47px;\">2</td>\r\n<td style=\"width: 33.3333%; height: 47px;\">ram</td>\r\n<td style=\"width: 33.2016%; height: 47px;\">ram</td>\r\n</tr>\r\n<tr style=\"height: 47px;\">\r\n<td style=\"width: 33.3333%; height: 47px;\">3</td>\r\n<td style=\"width: 33.3333%; height: 47px;\">lp</td>\r\n<td style=\"width: 33.2016%; height: 47px;\">new</td>\r\n</tr>\r\n</tbody>\r\n</table>\r\n<p>Hi, this is test content &nbsp;<em>{% user_phone %}</em>.....</p>', NULL, NULL, NULL, '2022-02-20 01:25:55', '2022-03-02 13:02:40', NULL),
(13, 14, 'Test', 'Tes@gmail.com', 0, NULL, 1, 1, '2022-02-23 19:05:00', 'active', '<table style=\"border-collapse: collapse; width: 99.9592%;\" border=\"1\">\n<tbody>\n<tr>\n<td style=\"width: 24.9796%;\">id</td>\n<td style=\"width: 24.9796%;\">name</td>\n<td style=\"width: 24.9796%;\">des</td>\n<td style=\"width: 24.9796%;\">stat</td>\n</tr>\n<tr>\n<td style=\"width: 24.9796%;\">1</td>\n<td style=\"width: 24.9796%;\">ka</td>\n<td style=\"width: 24.9796%;\">we</td>\n<td style=\"width: 24.9796%;\">dd</td>\n</tr>\n</tbody>\n</table>', NULL, NULL, NULL, '2022-02-22 13:34:25', '2022-02-22 13:35:26', NULL),
(14, 15, 'test', 'test@gmail.com', 0, NULL, 1, 0, '2022-03-01 11:52:54', 'active', '<p>Hi &nbsp;<em>{% user_name %},</em></p>\r\n<p><em>Please verify your number &nbsp;<em>{% user_phone %} and Email &nbsp;<em>{% user_email %}</em></em></em></p>\r\n<table style=\"border-collapse: collapse; width: 100%;\" border=\"1\">\r\n<tbody>\r\n<tr>\r\n<td style=\"width: 33.3333%;\">Id</td>\r\n<td style=\"width: 33.3333%;\">Name</td>\r\n<td style=\"width: 33.3333%;\">Staus</td>\r\n</tr>\r\n<tr>\r\n<td style=\"width: 33.3333%;\">1</td>\r\n<td style=\"width: 33.3333%;\">Kar</td>\r\n<td style=\"width: 33.3333%;\">active</td>\r\n</tr>\r\n<tr>\r\n<td style=\"width: 33.3333%;\">2</td>\r\n<td style=\"width: 33.3333%;\">Ram</td>\r\n<td style=\"width: 33.3333%;\">incative</td>\r\n</tr>\r\n</tbody>\r\n</table>', NULL, NULL, NULL, '2022-03-01 11:50:54', '2022-03-01 11:50:54', NULL),
(15, 16, 'test', 'test@gmail.com', 0, NULL, 1, 0, '2022-03-01 11:57:09', 'active', '<p>Hi &nbsp;<em>{% user_name %},</em></p>\r\n<p><em>Please verify your number &nbsp;<em>{% user_phone %} and Email &nbsp;<em>{% user_email %}</em></em></em></p>\r\n<table style=\"border-collapse: collapse; width: 100%;\" border=\"1\">\r\n<tbody>\r\n<tr>\r\n<td style=\"width: 33.3333%;\">Id</td>\r\n<td style=\"width: 33.3333%;\">Name</td>\r\n<td style=\"width: 33.3333%;\">Staus</td>\r\n</tr>\r\n<tr>\r\n<td style=\"width: 33.3333%;\">1</td>\r\n<td style=\"width: 33.3333%;\">Kar</td>\r\n<td style=\"width: 33.3333%;\">active</td>\r\n</tr>\r\n<tr>\r\n<td style=\"width: 33.3333%;\">2</td>\r\n<td style=\"width: 33.3333%;\">Ram</td>\r\n<td style=\"width: 33.3333%;\">incative</td>\r\n</tr>\r\n</tbody>\r\n</table>', NULL, NULL, NULL, '2022-03-01 11:55:09', '2022-03-01 11:55:09', NULL),
(16, 18, 'testa', 'test@gmail.com', 0, NULL, 1, 0, '2022-03-01 11:58:51', 'active', '<p>Hi &nbsp;<em>{% user_name %},</em></p>\r\n<p><em>Please verify your number &nbsp;<em>{% user_phone %} and Email &nbsp;<em>{% user_email %}</em></em></em></p>\r\n<table style=\"border-collapse: collapse; width: 100%;\" border=\"1\">\r\n<tbody>\r\n<tr>\r\n<td style=\"width: 33.3333%;\">Id</td>\r\n<td style=\"width: 33.3333%;\">Name</td>\r\n<td style=\"width: 33.3333%;\">Staus</td>\r\n</tr>\r\n<tr>\r\n<td style=\"width: 33.3333%;\">1</td>\r\n<td style=\"width: 33.3333%;\">Kar</td>\r\n<td style=\"width: 33.3333%;\">active</td>\r\n</tr>\r\n<tr>\r\n<td style=\"width: 33.3333%;\">2</td>\r\n<td style=\"width: 33.3333%;\">Ram</td>\r\n<td style=\"width: 33.3333%;\">incative</td>\r\n</tr>\r\n</tbody>\r\n</table>', NULL, NULL, NULL, '2022-03-01 11:56:51', '2022-03-01 11:56:51', NULL),
(17, 19, 'testa', 'test@gmail.com', 0, NULL, 1, 0, '2022-03-01 11:59:53', 'active', '<p>Hi &nbsp;<em>{% user_name %},</em></p>\r\n<p><em>Please verify your number &nbsp;<em>{% user_phone %} and Email &nbsp;<em>{% user_email %}</em></em></em></p>\r\n<table style=\"border-collapse: collapse; width: 100%;\" border=\"1\">\r\n<tbody>\r\n<tr>\r\n<td style=\"width: 33.3333%;\">Id</td>\r\n<td style=\"width: 33.3333%;\">Name</td>\r\n<td style=\"width: 33.3333%;\">Staus</td>\r\n</tr>\r\n<tr>\r\n<td style=\"width: 33.3333%;\">1</td>\r\n<td style=\"width: 33.3333%;\">Kar</td>\r\n<td style=\"width: 33.3333%;\">active</td>\r\n</tr>\r\n<tr>\r\n<td style=\"width: 33.3333%;\">2</td>\r\n<td style=\"width: 33.3333%;\">Ram</td>\r\n<td style=\"width: 33.3333%;\">incative</td>\r\n</tr>\r\n</tbody>\r\n</table>', NULL, NULL, NULL, '2022-03-01 11:57:53', '2022-03-01 11:57:53', NULL),
(18, 20, 'testa', 'test@gmail.com', 0, NULL, 1, 0, '2022-03-01 12:01:35', 'active', '<p>Hi &nbsp;<em>{% user_name %},</em></p>\r\n<p><em>Please verify your number &nbsp;<em>{% user_phone %} and Email &nbsp;<em>{% user_email %}</em></em></em></p>\r\n<table style=\"border-collapse: collapse; width: 100%;\" border=\"1\">\r\n<tbody>\r\n<tr>\r\n<td style=\"width: 33.3333%;\">Id</td>\r\n<td style=\"width: 33.3333%;\">Name</td>\r\n<td style=\"width: 33.3333%;\">Staus</td>\r\n</tr>\r\n<tr>\r\n<td style=\"width: 33.3333%;\">1</td>\r\n<td style=\"width: 33.3333%;\">Kar</td>\r\n<td style=\"width: 33.3333%;\">active</td>\r\n</tr>\r\n<tr>\r\n<td style=\"width: 33.3333%;\">2</td>\r\n<td style=\"width: 33.3333%;\">Ram</td>\r\n<td style=\"width: 33.3333%;\">incative</td>\r\n</tr>\r\n</tbody>\r\n</table>', NULL, NULL, NULL, '2022-03-01 11:59:35', '2022-03-01 11:59:35', NULL),
(19, 21, 'test', 'test@gmail.com', 0, NULL, 1, 0, '2022-03-01 12:04:06', 'active', '<p style=\"text-align: left;\"><img src=\"https://coderzvisiontech.com/wp-content/uploads/2021/06/Logo@2x-e1623259703142.png\" width=\"229\" height=\"63\" />&nbsp;</p>\r\n<p style=\"text-align: left;\">Hi &nbsp;<em>{% user_name %} &nbsp;<em>{% user_phone %}</em></em></p>\r\n<p style=\"text-align: center;\">Employee Details</p>\r\n<table style=\"border-collapse: collapse; width: 91.7985%; height: 188px;\" border=\"1\">\r\n<tbody>\r\n<tr style=\"height: 47px;\">\r\n<td style=\"width: 33.3333%; height: 47px;\"><span style=\"background-color: #b96ad9;\">id</span></td>\r\n<td style=\"width: 33.3333%; height: 47px;\"><span style=\"background-color: #e03e2d;\">name</span></td>\r\n<td style=\"width: 33.2016%; height: 47px;\"><span style=\"background-color: #e03e2d;\">description</span></td>\r\n</tr>\r\n<tr style=\"height: 47px;\">\r\n<td style=\"width: 33.3333%; height: 47px;\">1</td>\r\n<td style=\"width: 33.3333%; height: 47px;\">karthik1</td>\r\n<td style=\"width: 33.2016%; height: 47px;\">karthik</td>\r\n</tr>\r\n<tr style=\"height: 47px;\">\r\n<td style=\"width: 33.3333%; height: 47px;\">2</td>\r\n<td style=\"width: 33.3333%; height: 47px;\">ram</td>\r\n<td style=\"width: 33.2016%; height: 47px;\">ram</td>\r\n</tr>\r\n<tr style=\"height: 47px;\">\r\n<td style=\"width: 33.3333%; height: 47px;\">3</td>\r\n<td style=\"width: 33.3333%; height: 47px;\">lp</td>\r\n<td style=\"width: 33.2016%; height: 47px;\">new</td>\r\n</tr>\r\n</tbody>\r\n</table>\r\n<p>Hi, this is test content &nbsp;<em>{% user_phone %}</em>.....</p>', NULL, NULL, NULL, '2022-03-01 12:02:06', '2022-03-01 12:02:06', NULL),
(20, 22, 'test', 'test@gmail.com', 0, NULL, 1, 0, '2022-03-01 12:05:47', 'active', '<p style=\"text-align: left;\"><img src=\"https://coderzvisiontech.com/wp-content/uploads/2021/06/Logo@2x-e1623259703142.png\" width=\"229\" height=\"63\" />&nbsp;</p>\r\n<p style=\"text-align: left;\">Hi &nbsp;<em>{% user_name %} &nbsp;<em>{% user_phone %}</em></em></p>\r\n<p style=\"text-align: center;\">Employee Details</p>\r\n<table style=\"border-collapse: collapse; width: 91.7985%; height: 188px;\" border=\"1\">\r\n<tbody>\r\n<tr style=\"height: 47px;\">\r\n<td style=\"width: 33.3333%; height: 47px;\"><span style=\"background-color: #b96ad9;\">id</span></td>\r\n<td style=\"width: 33.3333%; height: 47px;\"><span style=\"background-color: #e03e2d;\">name</span></td>\r\n<td style=\"width: 33.2016%; height: 47px;\"><span style=\"background-color: #e03e2d;\">description</span></td>\r\n</tr>\r\n<tr style=\"height: 47px;\">\r\n<td style=\"width: 33.3333%; height: 47px;\">1</td>\r\n<td style=\"width: 33.3333%; height: 47px;\">karthik1</td>\r\n<td style=\"width: 33.2016%; height: 47px;\">karthik</td>\r\n</tr>\r\n<tr style=\"height: 47px;\">\r\n<td style=\"width: 33.3333%; height: 47px;\">2</td>\r\n<td style=\"width: 33.3333%; height: 47px;\">ram</td>\r\n<td style=\"width: 33.2016%; height: 47px;\">ram</td>\r\n</tr>\r\n<tr style=\"height: 47px;\">\r\n<td style=\"width: 33.3333%; height: 47px;\">3</td>\r\n<td style=\"width: 33.3333%; height: 47px;\">lp</td>\r\n<td style=\"width: 33.2016%; height: 47px;\">new</td>\r\n</tr>\r\n</tbody>\r\n</table>\r\n<p>Hi, this is test content &nbsp;<em>{% user_phone %}</em>.....</p>', NULL, NULL, NULL, '2022-03-01 12:03:47', '2022-03-01 12:03:47', NULL),
(21, 23, 'test', 'test@gmail.com', 0, NULL, 1, 0, '2022-03-01 12:06:52', 'active', '<p style=\"text-align: left;\"><img src=\"https://coderzvisiontech.com/wp-content/uploads/2021/06/Logo@2x-e1623259703142.png\" width=\"229\" height=\"63\" />&nbsp;</p>\r\n<p style=\"text-align: left;\">Hi &nbsp;<em>{% user_name %} &nbsp;<em>{% user_phone %}</em></em></p>\r\n<p style=\"text-align: center;\">Employee Details</p>\r\n<table style=\"border-collapse: collapse; width: 91.7985%; height: 188px;\" border=\"1\">\r\n<tbody>\r\n<tr style=\"height: 47px;\">\r\n<td style=\"width: 33.3333%; height: 47px;\"><span style=\"background-color: #b96ad9;\">id</span></td>\r\n<td style=\"width: 33.3333%; height: 47px;\"><span style=\"background-color: #e03e2d;\">name</span></td>\r\n<td style=\"width: 33.2016%; height: 47px;\"><span style=\"background-color: #e03e2d;\">description</span></td>\r\n</tr>\r\n<tr style=\"height: 47px;\">\r\n<td style=\"width: 33.3333%; height: 47px;\">1</td>\r\n<td style=\"width: 33.3333%; height: 47px;\">karthik1</td>\r\n<td style=\"width: 33.2016%; height: 47px;\">karthik</td>\r\n</tr>\r\n<tr style=\"height: 47px;\">\r\n<td style=\"width: 33.3333%; height: 47px;\">2</td>\r\n<td style=\"width: 33.3333%; height: 47px;\">ram</td>\r\n<td style=\"width: 33.2016%; height: 47px;\">ram</td>\r\n</tr>\r\n<tr style=\"height: 47px;\">\r\n<td style=\"width: 33.3333%; height: 47px;\">3</td>\r\n<td style=\"width: 33.3333%; height: 47px;\">lp</td>\r\n<td style=\"width: 33.2016%; height: 47px;\">new</td>\r\n</tr>\r\n</tbody>\r\n</table>\r\n<p>Hi, this is test content &nbsp;<em>{% user_phone %}</em>.....</p>', NULL, NULL, NULL, '2022-03-01 12:04:52', '2022-03-01 12:04:52', NULL),
(22, 24, 'test', 'test@gmail.com', 0, NULL, 1, 0, '2022-03-01 12:08:46', 'active', '<p style=\"text-align: left;\"><img src=\"https://coderzvisiontech.com/wp-content/uploads/2021/06/Logo@2x-e1623259703142.png\" width=\"229\" height=\"63\" />&nbsp;</p>\r\n<p style=\"text-align: left;\">Hi &nbsp;<em>{% user_name %} &nbsp;<em>{% user_phone %}</em></em></p>\r\n<p style=\"text-align: center;\">Employee Details</p>\r\n<table style=\"border-collapse: collapse; width: 91.7985%; height: 188px;\" border=\"1\">\r\n<tbody>\r\n<tr style=\"height: 47px;\">\r\n<td style=\"width: 33.3333%; height: 47px;\"><span style=\"background-color: #b96ad9;\">id</span></td>\r\n<td style=\"width: 33.3333%; height: 47px;\"><span style=\"background-color: #e03e2d;\">name</span></td>\r\n<td style=\"width: 33.2016%; height: 47px;\"><span style=\"background-color: #e03e2d;\">description</span></td>\r\n</tr>\r\n<tr style=\"height: 47px;\">\r\n<td style=\"width: 33.3333%; height: 47px;\">1</td>\r\n<td style=\"width: 33.3333%; height: 47px;\">karthik1</td>\r\n<td style=\"width: 33.2016%; height: 47px;\">karthik</td>\r\n</tr>\r\n<tr style=\"height: 47px;\">\r\n<td style=\"width: 33.3333%; height: 47px;\">2</td>\r\n<td style=\"width: 33.3333%; height: 47px;\">ram</td>\r\n<td style=\"width: 33.2016%; height: 47px;\">ram</td>\r\n</tr>\r\n<tr style=\"height: 47px;\">\r\n<td style=\"width: 33.3333%; height: 47px;\">3</td>\r\n<td style=\"width: 33.3333%; height: 47px;\">lp</td>\r\n<td style=\"width: 33.2016%; height: 47px;\">new</td>\r\n</tr>\r\n</tbody>\r\n</table>\r\n<p>Hi, this is test content &nbsp;<em>{% user_phone %}</em>.....</p>', NULL, NULL, NULL, '2022-03-01 12:06:46', '2022-03-01 12:06:46', NULL),
(23, 25, 'test', 'test@gmail.com', 0, NULL, 1, 0, '2022-03-01 12:09:57', 'active', '<p style=\"text-align: left;\"><img src=\"https://coderzvisiontech.com/wp-content/uploads/2021/06/Logo@2x-e1623259703142.png\" width=\"229\" height=\"63\" />&nbsp;</p>\r\n<p style=\"text-align: left;\">Hi &nbsp;<em>{% user_name %} &nbsp;<em>{% user_phone %}</em></em></p>\r\n<p style=\"text-align: center;\">Employee Details</p>\r\n<table style=\"border-collapse: collapse; width: 91.7985%; height: 188px;\" border=\"1\">\r\n<tbody>\r\n<tr style=\"height: 47px;\">\r\n<td style=\"width: 33.3333%; height: 47px;\"><span style=\"background-color: #b96ad9;\">id</span></td>\r\n<td style=\"width: 33.3333%; height: 47px;\"><span style=\"background-color: #e03e2d;\">name</span></td>\r\n<td style=\"width: 33.2016%; height: 47px;\"><span style=\"background-color: #e03e2d;\">description</span></td>\r\n</tr>\r\n<tr style=\"height: 47px;\">\r\n<td style=\"width: 33.3333%; height: 47px;\">1</td>\r\n<td style=\"width: 33.3333%; height: 47px;\">karthik1</td>\r\n<td style=\"width: 33.2016%; height: 47px;\">karthik</td>\r\n</tr>\r\n<tr style=\"height: 47px;\">\r\n<td style=\"width: 33.3333%; height: 47px;\">2</td>\r\n<td style=\"width: 33.3333%; height: 47px;\">ram</td>\r\n<td style=\"width: 33.2016%; height: 47px;\">ram</td>\r\n</tr>\r\n<tr style=\"height: 47px;\">\r\n<td style=\"width: 33.3333%; height: 47px;\">3</td>\r\n<td style=\"width: 33.3333%; height: 47px;\">lp</td>\r\n<td style=\"width: 33.2016%; height: 47px;\">new</td>\r\n</tr>\r\n</tbody>\r\n</table>\r\n<p>Hi, this is test content &nbsp;<em>{% user_phone %}</em>.....</p>', NULL, NULL, NULL, '2022-03-01 12:07:57', '2022-03-01 12:07:57', NULL),
(24, 26, 'test', 'test@gmail.com', 0, NULL, 1, 0, '2022-03-01 12:11:44', 'active', '<p style=\"text-align: left;\"><img src=\"https://coderzvisiontech.com/wp-content/uploads/2021/06/Logo@2x-e1623259703142.png\" width=\"229\" height=\"63\" />&nbsp;</p>\r\n<p style=\"text-align: left;\">Hi &nbsp;<em>{% user_name %} &nbsp;<em>{% user_phone %}</em></em></p>\r\n<p style=\"text-align: center;\">Employee Details</p>\r\n<table style=\"border-collapse: collapse; width: 91.7985%; height: 188px;\" border=\"1\">\r\n<tbody>\r\n<tr style=\"height: 47px;\">\r\n<td style=\"width: 33.3333%; height: 47px;\"><span style=\"background-color: #b96ad9;\">id</span></td>\r\n<td style=\"width: 33.3333%; height: 47px;\"><span style=\"background-color: #e03e2d;\">name</span></td>\r\n<td style=\"width: 33.2016%; height: 47px;\"><span style=\"background-color: #e03e2d;\">description</span></td>\r\n</tr>\r\n<tr style=\"height: 47px;\">\r\n<td style=\"width: 33.3333%; height: 47px;\">1</td>\r\n<td style=\"width: 33.3333%; height: 47px;\">karthik1</td>\r\n<td style=\"width: 33.2016%; height: 47px;\">karthik</td>\r\n</tr>\r\n<tr style=\"height: 47px;\">\r\n<td style=\"width: 33.3333%; height: 47px;\">2</td>\r\n<td style=\"width: 33.3333%; height: 47px;\">ram</td>\r\n<td style=\"width: 33.2016%; height: 47px;\">ram</td>\r\n</tr>\r\n<tr style=\"height: 47px;\">\r\n<td style=\"width: 33.3333%; height: 47px;\">3</td>\r\n<td style=\"width: 33.3333%; height: 47px;\">lp</td>\r\n<td style=\"width: 33.2016%; height: 47px;\">new</td>\r\n</tr>\r\n</tbody>\r\n</table>\r\n<p>Hi, this is test content &nbsp;<em>{% user_phone %}</em>.....</p>', NULL, NULL, NULL, '2022-03-01 12:09:44', '2022-03-01 12:09:44', NULL),
(25, 27, 'test', 'test@gmail.com', 0, NULL, 1, 0, '2022-03-01 13:01:41', 'active', '<p style=\"text-align: left;\"><img src=\"https://coderzvisiontech.com/wp-content/uploads/2021/06/Logo@2x-e1623259703142.png\" width=\"229\" height=\"63\" />&nbsp;</p>\n<p style=\"text-align: left;\">Hi &nbsp;<em>{% user_name %} &nbsp;<em>{% user_phone %}</em></em></p>\n<p style=\"text-align: center;\">Employee Details</p>\n<table style=\"border-collapse: collapse; width: 91.7985%; height: 188px;\" border=\"1\">\n<tbody>\n<tr style=\"height: 47px;\">\n<td style=\"width: 33.3333%; height: 47px;\"><span style=\"background-color: #b96ad9;\">id</span></td>\n<td style=\"width: 33.3333%; height: 47px;\"><span style=\"background-color: #e03e2d;\">name</span></td>\n<td style=\"width: 33.2016%; height: 47px;\"><span style=\"background-color: #e03e2d;\">description</span></td>\n</tr>\n<tr style=\"height: 47px;\">\n<td style=\"width: 33.3333%; height: 47px;\">1</td>\n<td style=\"width: 33.3333%; height: 47px;\">karthik1</td>\n<td style=\"width: 33.2016%; height: 47px;\">karthik</td>\n</tr>\n<tr style=\"height: 47px;\">\n<td style=\"width: 33.3333%; height: 47px;\">2</td>\n<td style=\"width: 33.3333%; height: 47px;\">ram</td>\n<td style=\"width: 33.2016%; height: 47px;\">ram</td>\n</tr>\n<tr style=\"height: 47px;\">\n<td style=\"width: 33.3333%; height: 47px;\">3</td>\n<td style=\"width: 33.3333%; height: 47px;\">lp</td>\n<td style=\"width: 33.2016%; height: 47px;\">new</td>\n</tr>\n</tbody>\n</table>\n<p>Hi, this is test content &nbsp;<em>{% user_phone %}</em>.....</p>', NULL, NULL, NULL, '2022-03-01 12:12:54', '2022-03-01 12:59:41', NULL),
(26, 33, 'testt', 'test@gmail.com', 0, NULL, 1, 0, '2022-03-01 13:03:36', 'active', '<p style=\"text-align: left;\"><img src=\"https://coderzvisiontech.com/wp-content/uploads/2021/06/Logo@2x-e1623259703142.png\" width=\"229\" height=\"63\" />&nbsp;</p>\r\n<p style=\"text-align: left;\">Hi &nbsp;<em>{% user_name %} &nbsp;<em>{% user_phone %}</em></em></p>\r\n<p style=\"text-align: center;\">Employee Details</p>\r\n<table style=\"border-collapse: collapse; width: 91.7985%; height: 188px;\" border=\"1\">\r\n<tbody>\r\n<tr style=\"height: 47px;\">\r\n<td style=\"width: 33.3333%; height: 47px;\"><span style=\"background-color: #b96ad9;\">id</span></td>\r\n<td style=\"width: 33.3333%; height: 47px;\"><span style=\"background-color: #e03e2d;\">name</span></td>\r\n<td style=\"width: 33.2016%; height: 47px;\"><span style=\"background-color: #e03e2d;\">description</span></td>\r\n</tr>\r\n<tr style=\"height: 47px;\">\r\n<td style=\"width: 33.3333%; height: 47px;\">1</td>\r\n<td style=\"width: 33.3333%; height: 47px;\">karthik1</td>\r\n<td style=\"width: 33.2016%; height: 47px;\">karthik</td>\r\n</tr>\r\n<tr style=\"height: 47px;\">\r\n<td style=\"width: 33.3333%; height: 47px;\">2</td>\r\n<td style=\"width: 33.3333%; height: 47px;\">ram</td>\r\n<td style=\"width: 33.2016%; height: 47px;\">ram</td>\r\n</tr>\r\n<tr style=\"height: 47px;\">\r\n<td style=\"width: 33.3333%; height: 47px;\">3</td>\r\n<td style=\"width: 33.3333%; height: 47px;\">lp</td>\r\n<td style=\"width: 33.2016%; height: 47px;\">new</td>\r\n</tr>\r\n</tbody>\r\n</table>\r\n<p>Hi, this is test content &nbsp;<em>&nbsp;{% user_email %}</em>.....</p>', NULL, NULL, NULL, '2022-03-01 13:01:36', '2022-03-01 13:01:36', NULL);

-- --------------------------------------------------------

--
-- Table structure for table `categories`
--

CREATE TABLE `categories` (
  `id` bigint(20) UNSIGNED NOT NULL,
  `name` varchar(100) COLLATE utf8mb4_unicode_ci NOT NULL,
  `description` text COLLATE utf8mb4_unicode_ci NOT NULL,
  `status` varchar(255) COLLATE utf8mb4_unicode_ci NOT NULL DEFAULT 'active',
  `created_by` bigint(20) DEFAULT NULL,
  `updated_by` bigint(20) DEFAULT NULL,
  `deleted_by` bigint(20) DEFAULT NULL,
  `created_at` timestamp NULL DEFAULT NULL,
  `updated_at` timestamp NULL DEFAULT NULL,
  `deleted_at` timestamp NULL DEFAULT NULL
) ENGINE=InnoDB DEFAULT CHARSET=utf8mb4 COLLATE=utf8mb4_unicode_ci;

--
-- Dumping data for table `categories`
--

INSERT INTO `categories` (`id`, `name`, `description`, `status`, `created_by`, `updated_by`, `deleted_by`, `created_at`, `updated_at`, `deleted_at`) VALUES
(1, 'category1', 'category1', 'active', 1, NULL, NULL, '2022-02-18 13:55:48', '2022-02-18 13:55:48', NULL),
(2, 'Seo', 'Seo', 'active', 1, NULL, NULL, '2022-02-19 02:16:17', '2022-02-19 02:16:17', NULL);

-- --------------------------------------------------------

--
-- Table structure for table `contacts`
--

CREATE TABLE `contacts` (
  `id` bigint(20) UNSIGNED NOT NULL,
  `name` varchar(191) COLLATE utf8mb4_unicode_ci NOT NULL,
  `email` varchar(191) COLLATE utf8mb4_unicode_ci NOT NULL,
  `organization_id` bigint(20) DEFAULT NULL,
  `owner_id` bigint(20) DEFAULT NULL,
  `subowner_id` bigint(20) DEFAULT NULL,
  `phone` bigint(11) NOT NULL,
  `visiblity` tinyint(4) NOT NULL,
  `address` text COLLATE utf8mb4_unicode_ci DEFAULT NULL,
  `directory` varchar(50) COLLATE utf8mb4_unicode_ci DEFAULT NULL,
  `image` varchar(255) COLLATE utf8mb4_unicode_ci DEFAULT NULL,
  `status` varchar(11) COLLATE utf8mb4_unicode_ci NOT NULL DEFAULT '''active''',
  `email_verified_status` tinyint(4) NOT NULL DEFAULT 0,
  `email_verified_at` timestamp NULL DEFAULT NULL ON UPDATE current_timestamp(),
  `created_by` bigint(20) DEFAULT NULL,
  `updated_by` bigint(20) DEFAULT NULL,
  `deleted_by` bigint(20) DEFAULT NULL,
  `created_at` timestamp NULL DEFAULT NULL,
  `updated_at` timestamp NULL DEFAULT NULL,
  `deleted_at` timestamp NULL DEFAULT NULL
) ENGINE=InnoDB DEFAULT CHARSET=utf8mb4 COLLATE=utf8mb4_unicode_ci;

--
-- Dumping data for table `contacts`
--

INSERT INTO `contacts` (`id`, `name`, `email`, `organization_id`, `owner_id`, `subowner_id`, `phone`, `visiblity`, `address`, `directory`, `image`, `status`, `email_verified_status`, `email_verified_at`, `created_by`, `updated_by`, `deleted_by`, `created_at`, `updated_at`, `deleted_at`) VALUES
(1, 'User', 'user@gmail.com', 1, NULL, NULL, 987666555, 1, NULL, NULL, NULL, '\'active\'', 0, '2022-02-18 19:19:26', 1, 1, NULL, '2022-02-18 13:48:35', '2022-02-18 13:49:26', NULL),
(2, 'Ram', 'karthik@coderzvisiontech.com', 2, NULL, NULL, 988877611, 2, NULL, NULL, NULL, '\'active\'', 0, '2022-03-02 12:34:25', 1, 1, NULL, '2022-02-18 13:48:35', '2022-02-18 13:49:34', NULL),
(3, 'User2', 'user2@gmail.com', 1, NULL, NULL, 987654324, 1, NULL, '', '', '\'active\'', 0, NULL, 1, NULL, NULL, '2022-02-18 13:50:41', '2022-02-18 13:50:41', NULL),
(5, 'Karthik', 'user12@gmail.com', 4, NULL, NULL, 987654321, 1, NULL, '', '', '\'active\'', 0, '2022-02-19 07:38:54', 1, NULL, NULL, '2022-02-19 02:08:10', '2022-02-19 02:08:37', NULL);

-- --------------------------------------------------------

--
-- Table structure for table `contact_segment`
--

CREATE TABLE `contact_segment` (
  `id` bigint(20) UNSIGNED NOT NULL,
  `segment_id` bigint(20) NOT NULL,
  `contact_id` bigint(20) NOT NULL
) ENGINE=InnoDB DEFAULT CHARSET=utf8mb4 COLLATE=utf8mb4_unicode_ci;

--
-- Dumping data for table `contact_segment`
--

INSERT INTO `contact_segment` (`id`, `segment_id`, `contact_id`) VALUES
(1, 1, 1),
(2, 1, 2),
(3, 1, 3),
(4, 2, 2),
(5, 2, 3),
(7, 3, 1),
(8, 3, 2),
(9, 3, 3),
(10, 3, 5),
(12, 4, 2),
(13, 4, 3),
(14, 4, 5),
(15, 5, 2),
(16, 5, 3),
(17, 5, 5),
(18, 6, 2),
(19, 6, 3),
(20, 6, 5);

-- --------------------------------------------------------

--
-- Table structure for table `failed_jobs`
--

CREATE TABLE `failed_jobs` (
  `id` bigint(20) UNSIGNED NOT NULL,
  `uuid` varchar(255) COLLATE utf8mb4_unicode_ci NOT NULL,
  `connection` text COLLATE utf8mb4_unicode_ci NOT NULL,
  `queue` text COLLATE utf8mb4_unicode_ci NOT NULL,
  `payload` longtext COLLATE utf8mb4_unicode_ci NOT NULL,
  `exception` longtext COLLATE utf8mb4_unicode_ci NOT NULL,
  `failed_at` timestamp NOT NULL DEFAULT current_timestamp()
) ENGINE=InnoDB DEFAULT CHARSET=utf8mb4 COLLATE=utf8mb4_unicode_ci;

--
-- Dumping data for table `failed_jobs`
--

INSERT INTO `failed_jobs` (`id`, `uuid`, `connection`, `queue`, `payload`, `exception`, `failed_at`) VALUES
(1, '7b186442-3be9-4516-bc60-52a13da47a41', 'database', 'default', '{\"uuid\":\"7b186442-3be9-4516-bc60-52a13da47a41\",\"displayName\":\"App\\\\Mail\\\\SendMail\",\"job\":\"Illuminate\\\\Queue\\\\CallQueuedHandler@call\",\"maxTries\":null,\"maxExceptions\":null,\"failOnTimeout\":false,\"backoff\":null,\"timeout\":null,\"retryUntil\":null,\"data\":{\"commandName\":\"Illuminate\\\\Mail\\\\SendQueuedMailable\",\"command\":\"O:34:\\\"Illuminate\\\\Mail\\\\SendQueuedMailable\\\":13:{s:8:\\\"mailable\\\";O:17:\\\"App\\\\Mail\\\\SendMail\\\":29:{s:26:\\\"\\u0000App\\\\Mail\\\\SendMail\\u0000details\\\";a:2:{s:5:\\\"email\\\";s:15:\\\"user2@gmail.com\\\";s:16:\\\"template_content\\\";s:1404:\\\"<p style=\\\"text-align: left;\\\"><img src=\\\"https:\\/\\/coderzvisiontech.com\\/wp-content\\/uploads\\/2021\\/06\\/Logo@2x-e1623259703142.png\\\" width=\\\"229\\\" height=\\\"63\\\" \\/>&nbsp;<\\/p>\\r\\n<p style=\\\"text-align: left;\\\">Hi &nbsp;<em>User2 &nbsp;<em>987654324<\\/em><\\/em><\\/p>\\r\\n<p style=\\\"text-align: center;\\\">Employee Details<\\/p>\\r\\n<table style=\\\"border-collapse: collapse; width: 91.7985%; height: 188px;\\\" border=\\\"1\\\">\\r\\n<tbody>\\r\\n<tr style=\\\"height: 47px;\\\">\\r\\n<td style=\\\"width: 33.3333%; height: 47px;\\\"><span style=\\\"background-color: #b96ad9;\\\">id<\\/span><\\/td>\\r\\n<td style=\\\"width: 33.3333%; height: 47px;\\\"><span style=\\\"background-color: #e03e2d;\\\">name<\\/span><\\/td>\\r\\n<td style=\\\"width: 33.2016%; height: 47px;\\\"><span style=\\\"background-color: #e03e2d;\\\">description<\\/span><\\/td>\\r\\n<\\/tr>\\r\\n<tr style=\\\"height: 47px;\\\">\\r\\n<td style=\\\"width: 33.3333%; height: 47px;\\\">1<\\/td>\\r\\n<td style=\\\"width: 33.3333%; height: 47px;\\\">karthik1<\\/td>\\r\\n<td style=\\\"width: 33.2016%; height: 47px;\\\">karthik<\\/td>\\r\\n<\\/tr>\\r\\n<tr style=\\\"height: 47px;\\\">\\r\\n<td style=\\\"width: 33.3333%; height: 47px;\\\">2<\\/td>\\r\\n<td style=\\\"width: 33.3333%; height: 47px;\\\">ram<\\/td>\\r\\n<td style=\\\"width: 33.2016%; height: 47px;\\\">ram<\\/td>\\r\\n<\\/tr>\\r\\n<tr style=\\\"height: 47px;\\\">\\r\\n<td style=\\\"width: 33.3333%; height: 47px;\\\">3<\\/td>\\r\\n<td style=\\\"width: 33.3333%; height: 47px;\\\">lp<\\/td>\\r\\n<td style=\\\"width: 33.2016%; height: 47px;\\\">new<\\/td>\\r\\n<\\/tr>\\r\\n<\\/tbody>\\r\\n<\\/table>\\r\\n<p>Hi, this is test content &nbsp;<em>987654324<\\/em>.....<\\/p>\\\";}s:6:\\\"locale\\\";N;s:4:\\\"from\\\";a:0:{}s:2:\\\"to\\\";a:1:{i:0;a:2:{s:4:\\\"name\\\";N;s:7:\\\"address\\\";s:15:\\\"user2@gmail.com\\\";}}s:2:\\\"cc\\\";a:0:{}s:3:\\\"bcc\\\";a:0:{}s:7:\\\"replyTo\\\";a:0:{}s:7:\\\"subject\\\";N;s:8:\\\"markdown\\\";N;s:7:\\\"\\u0000*\\u0000html\\\";N;s:4:\\\"view\\\";N;s:8:\\\"textView\\\";N;s:8:\\\"viewData\\\";a:0:{}s:11:\\\"attachments\\\";a:0:{}s:14:\\\"rawAttachments\\\";a:0:{}s:15:\\\"diskAttachments\\\";a:0:{}s:9:\\\"callbacks\\\";a:0:{}s:5:\\\"theme\\\";N;s:6:\\\"mailer\\\";s:4:\\\"smtp\\\";s:29:\\\"\\u0000*\\u0000assertionableRenderStrings\\\";N;s:10:\\\"connection\\\";N;s:5:\\\"queue\\\";N;s:15:\\\"chainConnection\\\";N;s:10:\\\"chainQueue\\\";N;s:19:\\\"chainCatchCallbacks\\\";N;s:5:\\\"delay\\\";N;s:11:\\\"afterCommit\\\";N;s:10:\\\"middleware\\\";a:0:{}s:7:\\\"chained\\\";a:0:{}}s:5:\\\"tries\\\";N;s:7:\\\"timeout\\\";N;s:17:\\\"shouldBeEncrypted\\\";b:0;s:10:\\\"connection\\\";N;s:5:\\\"queue\\\";N;s:15:\\\"chainConnection\\\";N;s:10:\\\"chainQueue\\\";N;s:19:\\\"chainCatchCallbacks\\\";N;s:5:\\\"delay\\\";N;s:11:\\\"afterCommit\\\";N;s:10:\\\"middleware\\\";a:0:{}s:7:\\\"chained\\\";a:0:{}}\"}}', 'Swift_TransportException: Expected response code 354 but got code \"421\", with message \"421 Domain sandboxf9cdf983efab401cbea5bf849227240e.mailgun.org is not allowed to send: Sandbox subdomains are for test purposes only. Please add your own domain or add the address to authorized recipients in Account Settings.\r\n\" in C:\\xampp\\htdocs\\crmlaravel\\vendor\\swiftmailer\\swiftmailer\\lib\\classes\\Swift\\Transport\\AbstractSmtpTransport.php:459\nStack trace:\n#0 C:\\xampp\\htdocs\\crmlaravel\\vendor\\swiftmailer\\swiftmailer\\lib\\classes\\Swift\\Transport\\AbstractSmtpTransport.php(344): Swift_Transport_AbstractSmtpTransport->assertResponseCode(\'421 Domain sand...\', Array)\n#1 C:\\xampp\\htdocs\\crmlaravel\\vendor\\swiftmailer\\swiftmailer\\lib\\classes\\Swift\\Transport\\EsmtpTransport.php(305): Swift_Transport_AbstractSmtpTransport->executeCommand(\'DATA\\r\\n\', Array, Array, false, NULL)\n#2 C:\\xampp\\htdocs\\crmlaravel\\vendor\\swiftmailer\\swiftmailer\\lib\\classes\\Swift\\Transport\\AbstractSmtpTransport.php(392): Swift_Transport_EsmtpTransport->executeCommand(\'DATA\\r\\n\', Array, Array)\n#3 C:\\xampp\\htdocs\\crmlaravel\\vendor\\swiftmailer\\swiftmailer\\lib\\classes\\Swift\\Transport\\AbstractSmtpTransport.php(499): Swift_Transport_AbstractSmtpTransport->doDataCommand(Array)\n#4 C:\\xampp\\htdocs\\crmlaravel\\vendor\\swiftmailer\\swiftmailer\\lib\\classes\\Swift\\Transport\\AbstractSmtpTransport.php(518): Swift_Transport_AbstractSmtpTransport->doMailTransaction(Object(Swift_Message), \'karthik@coderzv...\', Array, Array)\n#5 C:\\xampp\\htdocs\\crmlaravel\\vendor\\swiftmailer\\swiftmailer\\lib\\classes\\Swift\\Transport\\AbstractSmtpTransport.php(206): Swift_Transport_AbstractSmtpTransport->sendTo(Object(Swift_Message), \'karthik@coderzv...\', Array, Array)\n#6 C:\\xampp\\htdocs\\crmlaravel\\vendor\\swiftmailer\\swiftmailer\\lib\\classes\\Swift\\Mailer.php(71): Swift_Transport_AbstractSmtpTransport->send(Object(Swift_Message), Array)\n#7 C:\\xampp\\htdocs\\crmlaravel\\vendor\\laravel\\framework\\src\\Illuminate\\Mail\\Mailer.php(521): Swift_Mailer->send(Object(Swift_Message), Array)\n#8 C:\\xampp\\htdocs\\crmlaravel\\vendor\\laravel\\framework\\src\\Illuminate\\Mail\\Mailer.php(288): Illuminate\\Mail\\Mailer->sendSwiftMessage(Object(Swift_Message))\n#9 C:\\xampp\\htdocs\\crmlaravel\\vendor\\laravel\\framework\\src\\Illuminate\\Mail\\Mailable.php(187): Illuminate\\Mail\\Mailer->send(Object(Illuminate\\Support\\HtmlString), Array, Object(Closure))\n#10 C:\\xampp\\htdocs\\crmlaravel\\vendor\\laravel\\framework\\src\\Illuminate\\Support\\Traits\\Localizable.php(19): Illuminate\\Mail\\Mailable->Illuminate\\Mail\\{closure}()\n#11 C:\\xampp\\htdocs\\crmlaravel\\vendor\\laravel\\framework\\src\\Illuminate\\Mail\\Mailable.php(188): Illuminate\\Mail\\Mailable->withLocale(NULL, Object(Closure))\n#12 C:\\xampp\\htdocs\\crmlaravel\\vendor\\laravel\\framework\\src\\Illuminate\\Mail\\SendQueuedMailable.php(65): Illuminate\\Mail\\Mailable->send(Object(Illuminate\\Mail\\MailManager))\n#13 C:\\xampp\\htdocs\\crmlaravel\\vendor\\laravel\\framework\\src\\Illuminate\\Container\\BoundMethod.php(36): Illuminate\\Mail\\SendQueuedMailable->handle(Object(Illuminate\\Mail\\MailManager))\n#14 C:\\xampp\\htdocs\\crmlaravel\\vendor\\laravel\\framework\\src\\Illuminate\\Container\\Util.php(40): Illuminate\\Container\\BoundMethod::Illuminate\\Container\\{closure}()\n#15 C:\\xampp\\htdocs\\crmlaravel\\vendor\\laravel\\framework\\src\\Illuminate\\Container\\BoundMethod.php(93): Illuminate\\Container\\Util::unwrapIfClosure(Object(Closure))\n#16 C:\\xampp\\htdocs\\crmlaravel\\vendor\\laravel\\framework\\src\\Illuminate\\Container\\BoundMethod.php(37): Illuminate\\Container\\BoundMethod::callBoundMethod(Object(Illuminate\\Foundation\\Application), Array, Object(Closure))\n#17 C:\\xampp\\htdocs\\crmlaravel\\vendor\\laravel\\framework\\src\\Illuminate\\Container\\Container.php(653): Illuminate\\Container\\BoundMethod::call(Object(Illuminate\\Foundation\\Application), Array, Array, NULL)\n#18 C:\\xampp\\htdocs\\crmlaravel\\vendor\\laravel\\framework\\src\\Illuminate\\Bus\\Dispatcher.php(128): Illuminate\\Container\\Container->call(Array)\n#19 C:\\xampp\\htdocs\\crmlaravel\\vendor\\laravel\\framework\\src\\Illuminate\\Pipeline\\Pipeline.php(128): Illuminate\\Bus\\Dispatcher->Illuminate\\Bus\\{closure}(Object(Illuminate\\Mail\\SendQueuedMailable))\n#20 C:\\xampp\\htdocs\\crmlaravel\\vendor\\laravel\\framework\\src\\Illuminate\\Pipeline\\Pipeline.php(103): Illuminate\\Pipeline\\Pipeline->Illuminate\\Pipeline\\{closure}(Object(Illuminate\\Mail\\SendQueuedMailable))\n#21 C:\\xampp\\htdocs\\crmlaravel\\vendor\\laravel\\framework\\src\\Illuminate\\Bus\\Dispatcher.php(132): Illuminate\\Pipeline\\Pipeline->then(Object(Closure))\n#22 C:\\xampp\\htdocs\\crmlaravel\\vendor\\laravel\\framework\\src\\Illuminate\\Queue\\CallQueuedHandler.php(120): Illuminate\\Bus\\Dispatcher->dispatchNow(Object(Illuminate\\Mail\\SendQueuedMailable), false)\n#23 C:\\xampp\\htdocs\\crmlaravel\\vendor\\laravel\\framework\\src\\Illuminate\\Pipeline\\Pipeline.php(128): Illuminate\\Queue\\CallQueuedHandler->Illuminate\\Queue\\{closure}(Object(Illuminate\\Mail\\SendQueuedMailable))\n#24 C:\\xampp\\htdocs\\crmlaravel\\vendor\\laravel\\framework\\src\\Illuminate\\Pipeline\\Pipeline.php(103): Illuminate\\Pipeline\\Pipeline->Illuminate\\Pipeline\\{closure}(Object(Illuminate\\Mail\\SendQueuedMailable))\n#25 C:\\xampp\\htdocs\\crmlaravel\\vendor\\laravel\\framework\\src\\Illuminate\\Queue\\CallQueuedHandler.php(122): Illuminate\\Pipeline\\Pipeline->then(Object(Closure))\n#26 C:\\xampp\\htdocs\\crmlaravel\\vendor\\laravel\\framework\\src\\Illuminate\\Queue\\CallQueuedHandler.php(70): Illuminate\\Queue\\CallQueuedHandler->dispatchThroughMiddleware(Object(Illuminate\\Queue\\Jobs\\DatabaseJob), Object(Illuminate\\Mail\\SendQueuedMailable))\n#27 C:\\xampp\\htdocs\\crmlaravel\\vendor\\laravel\\framework\\src\\Illuminate\\Queue\\Jobs\\Job.php(98): Illuminate\\Queue\\CallQueuedHandler->call(Object(Illuminate\\Queue\\Jobs\\DatabaseJob), Array)\n#28 C:\\xampp\\htdocs\\crmlaravel\\vendor\\laravel\\framework\\src\\Illuminate\\Queue\\Worker.php(428): Illuminate\\Queue\\Jobs\\Job->fire()\n#29 C:\\xampp\\htdocs\\crmlaravel\\vendor\\laravel\\framework\\src\\Illuminate\\Queue\\Worker.php(378): Illuminate\\Queue\\Worker->process(\'database\', Object(Illuminate\\Queue\\Jobs\\DatabaseJob), Object(Illuminate\\Queue\\WorkerOptions))\n#30 C:\\xampp\\htdocs\\crmlaravel\\vendor\\laravel\\framework\\src\\Illuminate\\Queue\\Worker.php(329): Illuminate\\Queue\\Worker->runJob(Object(Illuminate\\Queue\\Jobs\\DatabaseJob), \'database\', Object(Illuminate\\Queue\\WorkerOptions))\n#31 C:\\xampp\\htdocs\\crmlaravel\\vendor\\laravel\\framework\\src\\Illuminate\\Queue\\Console\\WorkCommand.php(117): Illuminate\\Queue\\Worker->runNextJob(\'database\', \'default\', Object(Illuminate\\Queue\\WorkerOptions))\n#32 C:\\xampp\\htdocs\\crmlaravel\\vendor\\laravel\\framework\\src\\Illuminate\\Queue\\Console\\WorkCommand.php(101): Illuminate\\Queue\\Console\\WorkCommand->runWorker(\'database\', \'default\')\n#33 C:\\xampp\\htdocs\\crmlaravel\\vendor\\laravel\\framework\\src\\Illuminate\\Container\\BoundMethod.php(36): Illuminate\\Queue\\Console\\WorkCommand->handle()\n#34 C:\\xampp\\htdocs\\crmlaravel\\vendor\\laravel\\framework\\src\\Illuminate\\Container\\Util.php(40): Illuminate\\Container\\BoundMethod::Illuminate\\Container\\{closure}()\n#35 C:\\xampp\\htdocs\\crmlaravel\\vendor\\laravel\\framework\\src\\Illuminate\\Container\\BoundMethod.php(93): Illuminate\\Container\\Util::unwrapIfClosure(Object(Closure))\n#36 C:\\xampp\\htdocs\\crmlaravel\\vendor\\laravel\\framework\\src\\Illuminate\\Container\\BoundMethod.php(37): Illuminate\\Container\\BoundMethod::callBoundMethod(Object(Illuminate\\Foundation\\Application), Array, Object(Closure))\n#37 C:\\xampp\\htdocs\\crmlaravel\\vendor\\laravel\\framework\\src\\Illuminate\\Container\\Container.php(653): Illuminate\\Container\\BoundMethod::call(Object(Illuminate\\Foundation\\Application), Array, Array, NULL)\n#38 C:\\xampp\\htdocs\\crmlaravel\\vendor\\laravel\\framework\\src\\Illuminate\\Console\\Command.php(136): Illuminate\\Container\\Container->call(Array)\n#39 C:\\xampp\\htdocs\\crmlaravel\\vendor\\symfony\\console\\Command\\Command.php(298): Illuminate\\Console\\Command->execute(Object(Symfony\\Component\\Console\\Input\\ArgvInput), Object(Illuminate\\Console\\OutputStyle))\n#40 C:\\xampp\\htdocs\\crmlaravel\\vendor\\laravel\\framework\\src\\Illuminate\\Console\\Command.php(121): Symfony\\Component\\Console\\Command\\Command->run(Object(Symfony\\Component\\Console\\Input\\ArgvInput), Object(Illuminate\\Console\\OutputStyle))\n#41 C:\\xampp\\htdocs\\crmlaravel\\vendor\\symfony\\console\\Application.php(1015): Illuminate\\Console\\Command->run(Object(Symfony\\Component\\Console\\Input\\ArgvInput), Object(Symfony\\Component\\Console\\Output\\ConsoleOutput))\n#42 C:\\xampp\\htdocs\\crmlaravel\\vendor\\symfony\\console\\Application.php(299): Symfony\\Component\\Console\\Application->doRunCommand(Object(Illuminate\\Queue\\Console\\WorkCommand), Object(Symfony\\Component\\Console\\Input\\ArgvInput), Object(Symfony\\Component\\Console\\Output\\ConsoleOutput))\n#43 C:\\xampp\\htdocs\\crmlaravel\\vendor\\symfony\\console\\Application.php(171): Symfony\\Component\\Console\\Application->doRun(Object(Symfony\\Component\\Console\\Input\\ArgvInput), Object(Symfony\\Component\\Console\\Output\\ConsoleOutput))\n#44 C:\\xampp\\htdocs\\crmlaravel\\vendor\\laravel\\framework\\src\\Illuminate\\Console\\Application.php(94): Symfony\\Component\\Console\\Application->run(Object(Symfony\\Component\\Console\\Input\\ArgvInput), Object(Symfony\\Component\\Console\\Output\\ConsoleOutput))\n#45 C:\\xampp\\htdocs\\crmlaravel\\vendor\\laravel\\framework\\src\\Illuminate\\Foundation\\Console\\Kernel.php(129): Illuminate\\Console\\Application->run(Object(Symfony\\Component\\Console\\Input\\ArgvInput), Object(Symfony\\Component\\Console\\Output\\ConsoleOutput))\n#46 C:\\xampp\\htdocs\\crmlaravel\\artisan(37): Illuminate\\Foundation\\Console\\Kernel->handle(Object(Symfony\\Component\\Console\\Input\\ArgvInput), Object(Symfony\\Component\\Console\\Output\\ConsoleOutput))\n#47 {main}', '2022-03-02 07:24:52'),
(2, '8ebc0acc-5b90-4f6f-b86a-7e0d71b14680', 'database', 'default', '{\"uuid\":\"8ebc0acc-5b90-4f6f-b86a-7e0d71b14680\",\"displayName\":\"App\\\\Mail\\\\SendMail\",\"job\":\"Illuminate\\\\Queue\\\\CallQueuedHandler@call\",\"maxTries\":null,\"maxExceptions\":null,\"failOnTimeout\":false,\"backoff\":null,\"timeout\":null,\"retryUntil\":null,\"data\":{\"commandName\":\"Illuminate\\\\Mail\\\\SendQueuedMailable\",\"command\":\"O:34:\\\"Illuminate\\\\Mail\\\\SendQueuedMailable\\\":13:{s:8:\\\"mailable\\\";O:17:\\\"App\\\\Mail\\\\SendMail\\\":29:{s:26:\\\"\\u0000App\\\\Mail\\\\SendMail\\u0000details\\\";a:2:{s:5:\\\"email\\\";s:15:\\\"user2@gmail.com\\\";s:16:\\\"template_content\\\";s:1404:\\\"<p style=\\\"text-align: left;\\\"><img src=\\\"https:\\/\\/coderzvisiontech.com\\/wp-content\\/uploads\\/2021\\/06\\/Logo@2x-e1623259703142.png\\\" width=\\\"229\\\" height=\\\"63\\\" \\/>&nbsp;<\\/p>\\r\\n<p style=\\\"text-align: left;\\\">Hi &nbsp;<em>User2 &nbsp;<em>987654324<\\/em><\\/em><\\/p>\\r\\n<p style=\\\"text-align: center;\\\">Employee Details<\\/p>\\r\\n<table style=\\\"border-collapse: collapse; width: 91.7985%; height: 188px;\\\" border=\\\"1\\\">\\r\\n<tbody>\\r\\n<tr style=\\\"height: 47px;\\\">\\r\\n<td style=\\\"width: 33.3333%; height: 47px;\\\"><span style=\\\"background-color: #b96ad9;\\\">id<\\/span><\\/td>\\r\\n<td style=\\\"width: 33.3333%; height: 47px;\\\"><span style=\\\"background-color: #e03e2d;\\\">name<\\/span><\\/td>\\r\\n<td style=\\\"width: 33.2016%; height: 47px;\\\"><span style=\\\"background-color: #e03e2d;\\\">description<\\/span><\\/td>\\r\\n<\\/tr>\\r\\n<tr style=\\\"height: 47px;\\\">\\r\\n<td style=\\\"width: 33.3333%; height: 47px;\\\">1<\\/td>\\r\\n<td style=\\\"width: 33.3333%; height: 47px;\\\">karthik1<\\/td>\\r\\n<td style=\\\"width: 33.2016%; height: 47px;\\\">karthik<\\/td>\\r\\n<\\/tr>\\r\\n<tr style=\\\"height: 47px;\\\">\\r\\n<td style=\\\"width: 33.3333%; height: 47px;\\\">2<\\/td>\\r\\n<td style=\\\"width: 33.3333%; height: 47px;\\\">ram<\\/td>\\r\\n<td style=\\\"width: 33.2016%; height: 47px;\\\">ram<\\/td>\\r\\n<\\/tr>\\r\\n<tr style=\\\"height: 47px;\\\">\\r\\n<td style=\\\"width: 33.3333%; height: 47px;\\\">3<\\/td>\\r\\n<td style=\\\"width: 33.3333%; height: 47px;\\\">lp<\\/td>\\r\\n<td style=\\\"width: 33.2016%; height: 47px;\\\">new<\\/td>\\r\\n<\\/tr>\\r\\n<\\/tbody>\\r\\n<\\/table>\\r\\n<p>Hi, this is test content &nbsp;<em>987654324<\\/em>.....<\\/p>\\\";}s:6:\\\"locale\\\";N;s:4:\\\"from\\\";a:0:{}s:2:\\\"to\\\";a:1:{i:0;a:2:{s:4:\\\"name\\\";N;s:7:\\\"address\\\";s:15:\\\"user2@gmail.com\\\";}}s:2:\\\"cc\\\";a:0:{}s:3:\\\"bcc\\\";a:0:{}s:7:\\\"replyTo\\\";a:0:{}s:7:\\\"subject\\\";N;s:8:\\\"markdown\\\";N;s:7:\\\"\\u0000*\\u0000html\\\";N;s:4:\\\"view\\\";N;s:8:\\\"textView\\\";N;s:8:\\\"viewData\\\";a:0:{}s:11:\\\"attachments\\\";a:0:{}s:14:\\\"rawAttachments\\\";a:0:{}s:15:\\\"diskAttachments\\\";a:0:{}s:9:\\\"callbacks\\\";a:0:{}s:5:\\\"theme\\\";N;s:6:\\\"mailer\\\";s:4:\\\"smtp\\\";s:29:\\\"\\u0000*\\u0000assertionableRenderStrings\\\";N;s:10:\\\"connection\\\";N;s:5:\\\"queue\\\";N;s:15:\\\"chainConnection\\\";N;s:10:\\\"chainQueue\\\";N;s:19:\\\"chainCatchCallbacks\\\";N;s:5:\\\"delay\\\";N;s:11:\\\"afterCommit\\\";N;s:10:\\\"middleware\\\";a:0:{}s:7:\\\"chained\\\";a:0:{}}s:5:\\\"tries\\\";N;s:7:\\\"timeout\\\";N;s:17:\\\"shouldBeEncrypted\\\";b:0;s:10:\\\"connection\\\";N;s:5:\\\"queue\\\";N;s:15:\\\"chainConnection\\\";N;s:10:\\\"chainQueue\\\";N;s:19:\\\"chainCatchCallbacks\\\";N;s:5:\\\"delay\\\";N;s:11:\\\"afterCommit\\\";N;s:10:\\\"middleware\\\";a:0:{}s:7:\\\"chained\\\";a:0:{}}\"}}', 'Swift_TransportException: Expected response code 354 but got code \"421\", with message \"421 Domain sandboxf9cdf983efab401cbea5bf849227240e.mailgun.org is not allowed to send: Sandbox subdomains are for test purposes only. Please add your own domain or add the address to authorized recipients in Account Settings.\r\n\" in C:\\xampp\\htdocs\\crmlaravel\\vendor\\swiftmailer\\swiftmailer\\lib\\classes\\Swift\\Transport\\AbstractSmtpTransport.php:459\nStack trace:\n#0 C:\\xampp\\htdocs\\crmlaravel\\vendor\\swiftmailer\\swiftmailer\\lib\\classes\\Swift\\Transport\\AbstractSmtpTransport.php(344): Swift_Transport_AbstractSmtpTransport->assertResponseCode(\'421 Domain sand...\', Array)\n#1 C:\\xampp\\htdocs\\crmlaravel\\vendor\\swiftmailer\\swiftmailer\\lib\\classes\\Swift\\Transport\\EsmtpTransport.php(305): Swift_Transport_AbstractSmtpTransport->executeCommand(\'DATA\\r\\n\', Array, Array, false, NULL)\n#2 C:\\xampp\\htdocs\\crmlaravel\\vendor\\swiftmailer\\swiftmailer\\lib\\classes\\Swift\\Transport\\AbstractSmtpTransport.php(392): Swift_Transport_EsmtpTransport->executeCommand(\'DATA\\r\\n\', Array, Array)\n#3 C:\\xampp\\htdocs\\crmlaravel\\vendor\\swiftmailer\\swiftmailer\\lib\\classes\\Swift\\Transport\\AbstractSmtpTransport.php(499): Swift_Transport_AbstractSmtpTransport->doDataCommand(Array)\n#4 C:\\xampp\\htdocs\\crmlaravel\\vendor\\swiftmailer\\swiftmailer\\lib\\classes\\Swift\\Transport\\AbstractSmtpTransport.php(518): Swift_Transport_AbstractSmtpTransport->doMailTransaction(Object(Swift_Message), \'karthik@coderzv...\', Array, Array)\n#5 C:\\xampp\\htdocs\\crmlaravel\\vendor\\swiftmailer\\swiftmailer\\lib\\classes\\Swift\\Transport\\AbstractSmtpTransport.php(206): Swift_Transport_AbstractSmtpTransport->sendTo(Object(Swift_Message), \'karthik@coderzv...\', Array, Array)\n#6 C:\\xampp\\htdocs\\crmlaravel\\vendor\\swiftmailer\\swiftmailer\\lib\\classes\\Swift\\Mailer.php(71): Swift_Transport_AbstractSmtpTransport->send(Object(Swift_Message), Array)\n#7 C:\\xampp\\htdocs\\crmlaravel\\vendor\\laravel\\framework\\src\\Illuminate\\Mail\\Mailer.php(521): Swift_Mailer->send(Object(Swift_Message), Array)\n#8 C:\\xampp\\htdocs\\crmlaravel\\vendor\\laravel\\framework\\src\\Illuminate\\Mail\\Mailer.php(288): Illuminate\\Mail\\Mailer->sendSwiftMessage(Object(Swift_Message))\n#9 C:\\xampp\\htdocs\\crmlaravel\\vendor\\laravel\\framework\\src\\Illuminate\\Mail\\Mailable.php(187): Illuminate\\Mail\\Mailer->send(Object(Illuminate\\Support\\HtmlString), Array, Object(Closure))\n#10 C:\\xampp\\htdocs\\crmlaravel\\vendor\\laravel\\framework\\src\\Illuminate\\Support\\Traits\\Localizable.php(19): Illuminate\\Mail\\Mailable->Illuminate\\Mail\\{closure}()\n#11 C:\\xampp\\htdocs\\crmlaravel\\vendor\\laravel\\framework\\src\\Illuminate\\Mail\\Mailable.php(188): Illuminate\\Mail\\Mailable->withLocale(NULL, Object(Closure))\n#12 C:\\xampp\\htdocs\\crmlaravel\\vendor\\laravel\\framework\\src\\Illuminate\\Mail\\SendQueuedMailable.php(65): Illuminate\\Mail\\Mailable->send(Object(Illuminate\\Mail\\MailManager))\n#13 C:\\xampp\\htdocs\\crmlaravel\\vendor\\laravel\\framework\\src\\Illuminate\\Container\\BoundMethod.php(36): Illuminate\\Mail\\SendQueuedMailable->handle(Object(Illuminate\\Mail\\MailManager))\n#14 C:\\xampp\\htdocs\\crmlaravel\\vendor\\laravel\\framework\\src\\Illuminate\\Container\\Util.php(40): Illuminate\\Container\\BoundMethod::Illuminate\\Container\\{closure}()\n#15 C:\\xampp\\htdocs\\crmlaravel\\vendor\\laravel\\framework\\src\\Illuminate\\Container\\BoundMethod.php(93): Illuminate\\Container\\Util::unwrapIfClosure(Object(Closure))\n#16 C:\\xampp\\htdocs\\crmlaravel\\vendor\\laravel\\framework\\src\\Illuminate\\Container\\BoundMethod.php(37): Illuminate\\Container\\BoundMethod::callBoundMethod(Object(Illuminate\\Foundation\\Application), Array, Object(Closure))\n#17 C:\\xampp\\htdocs\\crmlaravel\\vendor\\laravel\\framework\\src\\Illuminate\\Container\\Container.php(653): Illuminate\\Container\\BoundMethod::call(Object(Illuminate\\Foundation\\Application), Array, Array, NULL)\n#18 C:\\xampp\\htdocs\\crmlaravel\\vendor\\laravel\\framework\\src\\Illuminate\\Bus\\Dispatcher.php(128): Illuminate\\Container\\Container->call(Array)\n#19 C:\\xampp\\htdocs\\crmlaravel\\vendor\\laravel\\framework\\src\\Illuminate\\Pipeline\\Pipeline.php(128): Illuminate\\Bus\\Dispatcher->Illuminate\\Bus\\{closure}(Object(Illuminate\\Mail\\SendQueuedMailable))\n#20 C:\\xampp\\htdocs\\crmlaravel\\vendor\\laravel\\framework\\src\\Illuminate\\Pipeline\\Pipeline.php(103): Illuminate\\Pipeline\\Pipeline->Illuminate\\Pipeline\\{closure}(Object(Illuminate\\Mail\\SendQueuedMailable))\n#21 C:\\xampp\\htdocs\\crmlaravel\\vendor\\laravel\\framework\\src\\Illuminate\\Bus\\Dispatcher.php(132): Illuminate\\Pipeline\\Pipeline->then(Object(Closure))\n#22 C:\\xampp\\htdocs\\crmlaravel\\vendor\\laravel\\framework\\src\\Illuminate\\Queue\\CallQueuedHandler.php(120): Illuminate\\Bus\\Dispatcher->dispatchNow(Object(Illuminate\\Mail\\SendQueuedMailable), false)\n#23 C:\\xampp\\htdocs\\crmlaravel\\vendor\\laravel\\framework\\src\\Illuminate\\Pipeline\\Pipeline.php(128): Illuminate\\Queue\\CallQueuedHandler->Illuminate\\Queue\\{closure}(Object(Illuminate\\Mail\\SendQueuedMailable))\n#24 C:\\xampp\\htdocs\\crmlaravel\\vendor\\laravel\\framework\\src\\Illuminate\\Pipeline\\Pipeline.php(103): Illuminate\\Pipeline\\Pipeline->Illuminate\\Pipeline\\{closure}(Object(Illuminate\\Mail\\SendQueuedMailable))\n#25 C:\\xampp\\htdocs\\crmlaravel\\vendor\\laravel\\framework\\src\\Illuminate\\Queue\\CallQueuedHandler.php(122): Illuminate\\Pipeline\\Pipeline->then(Object(Closure))\n#26 C:\\xampp\\htdocs\\crmlaravel\\vendor\\laravel\\framework\\src\\Illuminate\\Queue\\CallQueuedHandler.php(70): Illuminate\\Queue\\CallQueuedHandler->dispatchThroughMiddleware(Object(Illuminate\\Queue\\Jobs\\DatabaseJob), Object(Illuminate\\Mail\\SendQueuedMailable))\n#27 C:\\xampp\\htdocs\\crmlaravel\\vendor\\laravel\\framework\\src\\Illuminate\\Queue\\Jobs\\Job.php(98): Illuminate\\Queue\\CallQueuedHandler->call(Object(Illuminate\\Queue\\Jobs\\DatabaseJob), Array)\n#28 C:\\xampp\\htdocs\\crmlaravel\\vendor\\laravel\\framework\\src\\Illuminate\\Queue\\Worker.php(428): Illuminate\\Queue\\Jobs\\Job->fire()\n#29 C:\\xampp\\htdocs\\crmlaravel\\vendor\\laravel\\framework\\src\\Illuminate\\Queue\\Worker.php(378): Illuminate\\Queue\\Worker->process(\'database\', Object(Illuminate\\Queue\\Jobs\\DatabaseJob), Object(Illuminate\\Queue\\WorkerOptions))\n#30 C:\\xampp\\htdocs\\crmlaravel\\vendor\\laravel\\framework\\src\\Illuminate\\Queue\\Worker.php(329): Illuminate\\Queue\\Worker->runJob(Object(Illuminate\\Queue\\Jobs\\DatabaseJob), \'database\', Object(Illuminate\\Queue\\WorkerOptions))\n#31 C:\\xampp\\htdocs\\crmlaravel\\vendor\\laravel\\framework\\src\\Illuminate\\Queue\\Console\\WorkCommand.php(117): Illuminate\\Queue\\Worker->runNextJob(\'database\', \'default\', Object(Illuminate\\Queue\\WorkerOptions))\n#32 C:\\xampp\\htdocs\\crmlaravel\\vendor\\laravel\\framework\\src\\Illuminate\\Queue\\Console\\WorkCommand.php(101): Illuminate\\Queue\\Console\\WorkCommand->runWorker(\'database\', \'default\')\n#33 C:\\xampp\\htdocs\\crmlaravel\\vendor\\laravel\\framework\\src\\Illuminate\\Container\\BoundMethod.php(36): Illuminate\\Queue\\Console\\WorkCommand->handle()\n#34 C:\\xampp\\htdocs\\crmlaravel\\vendor\\laravel\\framework\\src\\Illuminate\\Container\\Util.php(40): Illuminate\\Container\\BoundMethod::Illuminate\\Container\\{closure}()\n#35 C:\\xampp\\htdocs\\crmlaravel\\vendor\\laravel\\framework\\src\\Illuminate\\Container\\BoundMethod.php(93): Illuminate\\Container\\Util::unwrapIfClosure(Object(Closure))\n#36 C:\\xampp\\htdocs\\crmlaravel\\vendor\\laravel\\framework\\src\\Illuminate\\Container\\BoundMethod.php(37): Illuminate\\Container\\BoundMethod::callBoundMethod(Object(Illuminate\\Foundation\\Application), Array, Object(Closure))\n#37 C:\\xampp\\htdocs\\crmlaravel\\vendor\\laravel\\framework\\src\\Illuminate\\Container\\Container.php(653): Illuminate\\Container\\BoundMethod::call(Object(Illuminate\\Foundation\\Application), Array, Array, NULL)\n#38 C:\\xampp\\htdocs\\crmlaravel\\vendor\\laravel\\framework\\src\\Illuminate\\Console\\Command.php(136): Illuminate\\Container\\Container->call(Array)\n#39 C:\\xampp\\htdocs\\crmlaravel\\vendor\\symfony\\console\\Command\\Command.php(298): Illuminate\\Console\\Command->execute(Object(Symfony\\Component\\Console\\Input\\ArgvInput), Object(Illuminate\\Console\\OutputStyle))\n#40 C:\\xampp\\htdocs\\crmlaravel\\vendor\\laravel\\framework\\src\\Illuminate\\Console\\Command.php(121): Symfony\\Component\\Console\\Command\\Command->run(Object(Symfony\\Component\\Console\\Input\\ArgvInput), Object(Illuminate\\Console\\OutputStyle))\n#41 C:\\xampp\\htdocs\\crmlaravel\\vendor\\symfony\\console\\Application.php(1015): Illuminate\\Console\\Command->run(Object(Symfony\\Component\\Console\\Input\\ArgvInput), Object(Symfony\\Component\\Console\\Output\\ConsoleOutput))\n#42 C:\\xampp\\htdocs\\crmlaravel\\vendor\\symfony\\console\\Application.php(299): Symfony\\Component\\Console\\Application->doRunCommand(Object(Illuminate\\Queue\\Console\\WorkCommand), Object(Symfony\\Component\\Console\\Input\\ArgvInput), Object(Symfony\\Component\\Console\\Output\\ConsoleOutput))\n#43 C:\\xampp\\htdocs\\crmlaravel\\vendor\\symfony\\console\\Application.php(171): Symfony\\Component\\Console\\Application->doRun(Object(Symfony\\Component\\Console\\Input\\ArgvInput), Object(Symfony\\Component\\Console\\Output\\ConsoleOutput))\n#44 C:\\xampp\\htdocs\\crmlaravel\\vendor\\laravel\\framework\\src\\Illuminate\\Console\\Application.php(94): Symfony\\Component\\Console\\Application->run(Object(Symfony\\Component\\Console\\Input\\ArgvInput), Object(Symfony\\Component\\Console\\Output\\ConsoleOutput))\n#45 C:\\xampp\\htdocs\\crmlaravel\\vendor\\laravel\\framework\\src\\Illuminate\\Foundation\\Console\\Kernel.php(129): Illuminate\\Console\\Application->run(Object(Symfony\\Component\\Console\\Input\\ArgvInput), Object(Symfony\\Component\\Console\\Output\\ConsoleOutput))\n#46 C:\\xampp\\htdocs\\crmlaravel\\artisan(37): Illuminate\\Foundation\\Console\\Kernel->handle(Object(Symfony\\Component\\Console\\Input\\ArgvInput), Object(Symfony\\Component\\Console\\Output\\ConsoleOutput))\n#47 {main}', '2022-03-02 07:25:51'),
(3, '4acab031-fd48-4225-bdf7-c6c8970f992b', 'database', 'default', '{\"uuid\":\"4acab031-fd48-4225-bdf7-c6c8970f992b\",\"displayName\":\"App\\\\Mail\\\\SendMail\",\"job\":\"Illuminate\\\\Queue\\\\CallQueuedHandler@call\",\"maxTries\":null,\"maxExceptions\":null,\"failOnTimeout\":false,\"backoff\":null,\"timeout\":null,\"retryUntil\":null,\"data\":{\"commandName\":\"Illuminate\\\\Mail\\\\SendQueuedMailable\",\"command\":\"O:34:\\\"Illuminate\\\\Mail\\\\SendQueuedMailable\\\":13:{s:8:\\\"mailable\\\";O:17:\\\"App\\\\Mail\\\\SendMail\\\":29:{s:26:\\\"\\u0000App\\\\Mail\\\\SendMail\\u0000details\\\";a:2:{s:5:\\\"email\\\";s:15:\\\"user2@gmail.com\\\";s:16:\\\"template_content\\\";s:1404:\\\"<p style=\\\"text-align: left;\\\"><img src=\\\"https:\\/\\/coderzvisiontech.com\\/wp-content\\/uploads\\/2021\\/06\\/Logo@2x-e1623259703142.png\\\" width=\\\"229\\\" height=\\\"63\\\" \\/>&nbsp;<\\/p>\\r\\n<p style=\\\"text-align: left;\\\">Hi &nbsp;<em>User2 &nbsp;<em>987654324<\\/em><\\/em><\\/p>\\r\\n<p style=\\\"text-align: center;\\\">Employee Details<\\/p>\\r\\n<table style=\\\"border-collapse: collapse; width: 91.7985%; height: 188px;\\\" border=\\\"1\\\">\\r\\n<tbody>\\r\\n<tr style=\\\"height: 47px;\\\">\\r\\n<td style=\\\"width: 33.3333%; height: 47px;\\\"><span style=\\\"background-color: #b96ad9;\\\">id<\\/span><\\/td>\\r\\n<td style=\\\"width: 33.3333%; height: 47px;\\\"><span style=\\\"background-color: #e03e2d;\\\">name<\\/span><\\/td>\\r\\n<td style=\\\"width: 33.2016%; height: 47px;\\\"><span style=\\\"background-color: #e03e2d;\\\">description<\\/span><\\/td>\\r\\n<\\/tr>\\r\\n<tr style=\\\"height: 47px;\\\">\\r\\n<td style=\\\"width: 33.3333%; height: 47px;\\\">1<\\/td>\\r\\n<td style=\\\"width: 33.3333%; height: 47px;\\\">karthik1<\\/td>\\r\\n<td style=\\\"width: 33.2016%; height: 47px;\\\">karthik<\\/td>\\r\\n<\\/tr>\\r\\n<tr style=\\\"height: 47px;\\\">\\r\\n<td style=\\\"width: 33.3333%; height: 47px;\\\">2<\\/td>\\r\\n<td style=\\\"width: 33.3333%; height: 47px;\\\">ram<\\/td>\\r\\n<td style=\\\"width: 33.2016%; height: 47px;\\\">ram<\\/td>\\r\\n<\\/tr>\\r\\n<tr style=\\\"height: 47px;\\\">\\r\\n<td style=\\\"width: 33.3333%; height: 47px;\\\">3<\\/td>\\r\\n<td style=\\\"width: 33.3333%; height: 47px;\\\">lp<\\/td>\\r\\n<td style=\\\"width: 33.2016%; height: 47px;\\\">new<\\/td>\\r\\n<\\/tr>\\r\\n<\\/tbody>\\r\\n<\\/table>\\r\\n<p>Hi, this is test content &nbsp;<em>987654324<\\/em>.....<\\/p>\\\";}s:6:\\\"locale\\\";N;s:4:\\\"from\\\";a:0:{}s:2:\\\"to\\\";a:1:{i:0;a:2:{s:4:\\\"name\\\";N;s:7:\\\"address\\\";s:15:\\\"user2@gmail.com\\\";}}s:2:\\\"cc\\\";a:0:{}s:3:\\\"bcc\\\";a:0:{}s:7:\\\"replyTo\\\";a:0:{}s:7:\\\"subject\\\";N;s:8:\\\"markdown\\\";N;s:7:\\\"\\u0000*\\u0000html\\\";N;s:4:\\\"view\\\";N;s:8:\\\"textView\\\";N;s:8:\\\"viewData\\\";a:0:{}s:11:\\\"attachments\\\";a:0:{}s:14:\\\"rawAttachments\\\";a:0:{}s:15:\\\"diskAttachments\\\";a:0:{}s:9:\\\"callbacks\\\";a:0:{}s:5:\\\"theme\\\";N;s:6:\\\"mailer\\\";s:4:\\\"smtp\\\";s:29:\\\"\\u0000*\\u0000assertionableRenderStrings\\\";N;s:10:\\\"connection\\\";N;s:5:\\\"queue\\\";N;s:15:\\\"chainConnection\\\";N;s:10:\\\"chainQueue\\\";N;s:19:\\\"chainCatchCallbacks\\\";N;s:5:\\\"delay\\\";N;s:11:\\\"afterCommit\\\";N;s:10:\\\"middleware\\\";a:0:{}s:7:\\\"chained\\\";a:0:{}}s:5:\\\"tries\\\";N;s:7:\\\"timeout\\\";N;s:17:\\\"shouldBeEncrypted\\\";b:0;s:10:\\\"connection\\\";N;s:5:\\\"queue\\\";N;s:15:\\\"chainConnection\\\";N;s:10:\\\"chainQueue\\\";N;s:19:\\\"chainCatchCallbacks\\\";N;s:5:\\\"delay\\\";N;s:11:\\\"afterCommit\\\";N;s:10:\\\"middleware\\\";a:0:{}s:7:\\\"chained\\\";a:0:{}}\"}}', 'Swift_TransportException: Expected response code 354 but got code \"421\", with message \"421 Domain sandboxf9cdf983efab401cbea5bf849227240e.mailgun.org is not allowed to send: Sandbox subdomains are for test purposes only. Please add your own domain or add the address to authorized recipients in Account Settings.\r\n\" in C:\\xampp\\htdocs\\crmlaravel\\vendor\\swiftmailer\\swiftmailer\\lib\\classes\\Swift\\Transport\\AbstractSmtpTransport.php:459\nStack trace:\n#0 C:\\xampp\\htdocs\\crmlaravel\\vendor\\swiftmailer\\swiftmailer\\lib\\classes\\Swift\\Transport\\AbstractSmtpTransport.php(344): Swift_Transport_AbstractSmtpTransport->assertResponseCode(\'421 Domain sand...\', Array)\n#1 C:\\xampp\\htdocs\\crmlaravel\\vendor\\swiftmailer\\swiftmailer\\lib\\classes\\Swift\\Transport\\EsmtpTransport.php(305): Swift_Transport_AbstractSmtpTransport->executeCommand(\'DATA\\r\\n\', Array, Array, false, NULL)\n#2 C:\\xampp\\htdocs\\crmlaravel\\vendor\\swiftmailer\\swiftmailer\\lib\\classes\\Swift\\Transport\\AbstractSmtpTransport.php(392): Swift_Transport_EsmtpTransport->executeCommand(\'DATA\\r\\n\', Array, Array)\n#3 C:\\xampp\\htdocs\\crmlaravel\\vendor\\swiftmailer\\swiftmailer\\lib\\classes\\Swift\\Transport\\AbstractSmtpTransport.php(499): Swift_Transport_AbstractSmtpTransport->doDataCommand(Array)\n#4 C:\\xampp\\htdocs\\crmlaravel\\vendor\\swiftmailer\\swiftmailer\\lib\\classes\\Swift\\Transport\\AbstractSmtpTransport.php(518): Swift_Transport_AbstractSmtpTransport->doMailTransaction(Object(Swift_Message), \'karthik@coderzv...\', Array, Array)\n#5 C:\\xampp\\htdocs\\crmlaravel\\vendor\\swiftmailer\\swiftmailer\\lib\\classes\\Swift\\Transport\\AbstractSmtpTransport.php(206): Swift_Transport_AbstractSmtpTransport->sendTo(Object(Swift_Message), \'karthik@coderzv...\', Array, Array)\n#6 C:\\xampp\\htdocs\\crmlaravel\\vendor\\swiftmailer\\swiftmailer\\lib\\classes\\Swift\\Mailer.php(71): Swift_Transport_AbstractSmtpTransport->send(Object(Swift_Message), Array)\n#7 C:\\xampp\\htdocs\\crmlaravel\\vendor\\laravel\\framework\\src\\Illuminate\\Mail\\Mailer.php(521): Swift_Mailer->send(Object(Swift_Message), Array)\n#8 C:\\xampp\\htdocs\\crmlaravel\\vendor\\laravel\\framework\\src\\Illuminate\\Mail\\Mailer.php(288): Illuminate\\Mail\\Mailer->sendSwiftMessage(Object(Swift_Message))\n#9 C:\\xampp\\htdocs\\crmlaravel\\vendor\\laravel\\framework\\src\\Illuminate\\Mail\\Mailable.php(187): Illuminate\\Mail\\Mailer->send(Object(Illuminate\\Support\\HtmlString), Array, Object(Closure))\n#10 C:\\xampp\\htdocs\\crmlaravel\\vendor\\laravel\\framework\\src\\Illuminate\\Support\\Traits\\Localizable.php(19): Illuminate\\Mail\\Mailable->Illuminate\\Mail\\{closure}()\n#11 C:\\xampp\\htdocs\\crmlaravel\\vendor\\laravel\\framework\\src\\Illuminate\\Mail\\Mailable.php(188): Illuminate\\Mail\\Mailable->withLocale(NULL, Object(Closure))\n#12 C:\\xampp\\htdocs\\crmlaravel\\vendor\\laravel\\framework\\src\\Illuminate\\Mail\\SendQueuedMailable.php(65): Illuminate\\Mail\\Mailable->send(Object(Illuminate\\Mail\\MailManager))\n#13 C:\\xampp\\htdocs\\crmlaravel\\vendor\\laravel\\framework\\src\\Illuminate\\Container\\BoundMethod.php(36): Illuminate\\Mail\\SendQueuedMailable->handle(Object(Illuminate\\Mail\\MailManager))\n#14 C:\\xampp\\htdocs\\crmlaravel\\vendor\\laravel\\framework\\src\\Illuminate\\Container\\Util.php(40): Illuminate\\Container\\BoundMethod::Illuminate\\Container\\{closure}()\n#15 C:\\xampp\\htdocs\\crmlaravel\\vendor\\laravel\\framework\\src\\Illuminate\\Container\\BoundMethod.php(93): Illuminate\\Container\\Util::unwrapIfClosure(Object(Closure))\n#16 C:\\xampp\\htdocs\\crmlaravel\\vendor\\laravel\\framework\\src\\Illuminate\\Container\\BoundMethod.php(37): Illuminate\\Container\\BoundMethod::callBoundMethod(Object(Illuminate\\Foundation\\Application), Array, Object(Closure))\n#17 C:\\xampp\\htdocs\\crmlaravel\\vendor\\laravel\\framework\\src\\Illuminate\\Container\\Container.php(653): Illuminate\\Container\\BoundMethod::call(Object(Illuminate\\Foundation\\Application), Array, Array, NULL)\n#18 C:\\xampp\\htdocs\\crmlaravel\\vendor\\laravel\\framework\\src\\Illuminate\\Bus\\Dispatcher.php(128): Illuminate\\Container\\Container->call(Array)\n#19 C:\\xampp\\htdocs\\crmlaravel\\vendor\\laravel\\framework\\src\\Illuminate\\Pipeline\\Pipeline.php(128): Illuminate\\Bus\\Dispatcher->Illuminate\\Bus\\{closure}(Object(Illuminate\\Mail\\SendQueuedMailable))\n#20 C:\\xampp\\htdocs\\crmlaravel\\vendor\\laravel\\framework\\src\\Illuminate\\Pipeline\\Pipeline.php(103): Illuminate\\Pipeline\\Pipeline->Illuminate\\Pipeline\\{closure}(Object(Illuminate\\Mail\\SendQueuedMailable))\n#21 C:\\xampp\\htdocs\\crmlaravel\\vendor\\laravel\\framework\\src\\Illuminate\\Bus\\Dispatcher.php(132): Illuminate\\Pipeline\\Pipeline->then(Object(Closure))\n#22 C:\\xampp\\htdocs\\crmlaravel\\vendor\\laravel\\framework\\src\\Illuminate\\Queue\\CallQueuedHandler.php(120): Illuminate\\Bus\\Dispatcher->dispatchNow(Object(Illuminate\\Mail\\SendQueuedMailable), false)\n#23 C:\\xampp\\htdocs\\crmlaravel\\vendor\\laravel\\framework\\src\\Illuminate\\Pipeline\\Pipeline.php(128): Illuminate\\Queue\\CallQueuedHandler->Illuminate\\Queue\\{closure}(Object(Illuminate\\Mail\\SendQueuedMailable))\n#24 C:\\xampp\\htdocs\\crmlaravel\\vendor\\laravel\\framework\\src\\Illuminate\\Pipeline\\Pipeline.php(103): Illuminate\\Pipeline\\Pipeline->Illuminate\\Pipeline\\{closure}(Object(Illuminate\\Mail\\SendQueuedMailable))\n#25 C:\\xampp\\htdocs\\crmlaravel\\vendor\\laravel\\framework\\src\\Illuminate\\Queue\\CallQueuedHandler.php(122): Illuminate\\Pipeline\\Pipeline->then(Object(Closure))\n#26 C:\\xampp\\htdocs\\crmlaravel\\vendor\\laravel\\framework\\src\\Illuminate\\Queue\\CallQueuedHandler.php(70): Illuminate\\Queue\\CallQueuedHandler->dispatchThroughMiddleware(Object(Illuminate\\Queue\\Jobs\\DatabaseJob), Object(Illuminate\\Mail\\SendQueuedMailable))\n#27 C:\\xampp\\htdocs\\crmlaravel\\vendor\\laravel\\framework\\src\\Illuminate\\Queue\\Jobs\\Job.php(98): Illuminate\\Queue\\CallQueuedHandler->call(Object(Illuminate\\Queue\\Jobs\\DatabaseJob), Array)\n#28 C:\\xampp\\htdocs\\crmlaravel\\vendor\\laravel\\framework\\src\\Illuminate\\Queue\\Worker.php(428): Illuminate\\Queue\\Jobs\\Job->fire()\n#29 C:\\xampp\\htdocs\\crmlaravel\\vendor\\laravel\\framework\\src\\Illuminate\\Queue\\Worker.php(378): Illuminate\\Queue\\Worker->process(\'database\', Object(Illuminate\\Queue\\Jobs\\DatabaseJob), Object(Illuminate\\Queue\\WorkerOptions))\n#30 C:\\xampp\\htdocs\\crmlaravel\\vendor\\laravel\\framework\\src\\Illuminate\\Queue\\Worker.php(329): Illuminate\\Queue\\Worker->runJob(Object(Illuminate\\Queue\\Jobs\\DatabaseJob), \'database\', Object(Illuminate\\Queue\\WorkerOptions))\n#31 C:\\xampp\\htdocs\\crmlaravel\\vendor\\laravel\\framework\\src\\Illuminate\\Queue\\Console\\WorkCommand.php(117): Illuminate\\Queue\\Worker->runNextJob(\'database\', \'default\', Object(Illuminate\\Queue\\WorkerOptions))\n#32 C:\\xampp\\htdocs\\crmlaravel\\vendor\\laravel\\framework\\src\\Illuminate\\Queue\\Console\\WorkCommand.php(101): Illuminate\\Queue\\Console\\WorkCommand->runWorker(\'database\', \'default\')\n#33 C:\\xampp\\htdocs\\crmlaravel\\vendor\\laravel\\framework\\src\\Illuminate\\Container\\BoundMethod.php(36): Illuminate\\Queue\\Console\\WorkCommand->handle()\n#34 C:\\xampp\\htdocs\\crmlaravel\\vendor\\laravel\\framework\\src\\Illuminate\\Container\\Util.php(40): Illuminate\\Container\\BoundMethod::Illuminate\\Container\\{closure}()\n#35 C:\\xampp\\htdocs\\crmlaravel\\vendor\\laravel\\framework\\src\\Illuminate\\Container\\BoundMethod.php(93): Illuminate\\Container\\Util::unwrapIfClosure(Object(Closure))\n#36 C:\\xampp\\htdocs\\crmlaravel\\vendor\\laravel\\framework\\src\\Illuminate\\Container\\BoundMethod.php(37): Illuminate\\Container\\BoundMethod::callBoundMethod(Object(Illuminate\\Foundation\\Application), Array, Object(Closure))\n#37 C:\\xampp\\htdocs\\crmlaravel\\vendor\\laravel\\framework\\src\\Illuminate\\Container\\Container.php(653): Illuminate\\Container\\BoundMethod::call(Object(Illuminate\\Foundation\\Application), Array, Array, NULL)\n#38 C:\\xampp\\htdocs\\crmlaravel\\vendor\\laravel\\framework\\src\\Illuminate\\Console\\Command.php(136): Illuminate\\Container\\Container->call(Array)\n#39 C:\\xampp\\htdocs\\crmlaravel\\vendor\\symfony\\console\\Command\\Command.php(298): Illuminate\\Console\\Command->execute(Object(Symfony\\Component\\Console\\Input\\ArgvInput), Object(Illuminate\\Console\\OutputStyle))\n#40 C:\\xampp\\htdocs\\crmlaravel\\vendor\\laravel\\framework\\src\\Illuminate\\Console\\Command.php(121): Symfony\\Component\\Console\\Command\\Command->run(Object(Symfony\\Component\\Console\\Input\\ArgvInput), Object(Illuminate\\Console\\OutputStyle))\n#41 C:\\xampp\\htdocs\\crmlaravel\\vendor\\symfony\\console\\Application.php(1015): Illuminate\\Console\\Command->run(Object(Symfony\\Component\\Console\\Input\\ArgvInput), Object(Symfony\\Component\\Console\\Output\\ConsoleOutput))\n#42 C:\\xampp\\htdocs\\crmlaravel\\vendor\\symfony\\console\\Application.php(299): Symfony\\Component\\Console\\Application->doRunCommand(Object(Illuminate\\Queue\\Console\\WorkCommand), Object(Symfony\\Component\\Console\\Input\\ArgvInput), Object(Symfony\\Component\\Console\\Output\\ConsoleOutput))\n#43 C:\\xampp\\htdocs\\crmlaravel\\vendor\\symfony\\console\\Application.php(171): Symfony\\Component\\Console\\Application->doRun(Object(Symfony\\Component\\Console\\Input\\ArgvInput), Object(Symfony\\Component\\Console\\Output\\ConsoleOutput))\n#44 C:\\xampp\\htdocs\\crmlaravel\\vendor\\laravel\\framework\\src\\Illuminate\\Console\\Application.php(94): Symfony\\Component\\Console\\Application->run(Object(Symfony\\Component\\Console\\Input\\ArgvInput), Object(Symfony\\Component\\Console\\Output\\ConsoleOutput))\n#45 C:\\xampp\\htdocs\\crmlaravel\\vendor\\laravel\\framework\\src\\Illuminate\\Foundation\\Console\\Kernel.php(129): Illuminate\\Console\\Application->run(Object(Symfony\\Component\\Console\\Input\\ArgvInput), Object(Symfony\\Component\\Console\\Output\\ConsoleOutput))\n#46 C:\\xampp\\htdocs\\crmlaravel\\artisan(37): Illuminate\\Foundation\\Console\\Kernel->handle(Object(Symfony\\Component\\Console\\Input\\ArgvInput), Object(Symfony\\Component\\Console\\Output\\ConsoleOutput))\n#47 {main}', '2022-03-02 07:28:15');
INSERT INTO `failed_jobs` (`id`, `uuid`, `connection`, `queue`, `payload`, `exception`, `failed_at`) VALUES
(4, '7f034d72-2225-458f-92e8-c5d10460d989', 'database', 'default', '{\"uuid\":\"7f034d72-2225-458f-92e8-c5d10460d989\",\"displayName\":\"App\\\\Mail\\\\SendMail\",\"job\":\"Illuminate\\\\Queue\\\\CallQueuedHandler@call\",\"maxTries\":null,\"maxExceptions\":null,\"failOnTimeout\":false,\"backoff\":null,\"timeout\":null,\"retryUntil\":null,\"data\":{\"commandName\":\"Illuminate\\\\Mail\\\\SendQueuedMailable\",\"command\":\"O:34:\\\"Illuminate\\\\Mail\\\\SendQueuedMailable\\\":13:{s:8:\\\"mailable\\\";O:17:\\\"App\\\\Mail\\\\SendMail\\\":29:{s:26:\\\"\\u0000App\\\\Mail\\\\SendMail\\u0000details\\\";a:2:{s:5:\\\"email\\\";s:15:\\\"user2@gmail.com\\\";s:16:\\\"template_content\\\";s:1404:\\\"<p style=\\\"text-align: left;\\\"><img src=\\\"https:\\/\\/coderzvisiontech.com\\/wp-content\\/uploads\\/2021\\/06\\/Logo@2x-e1623259703142.png\\\" width=\\\"229\\\" height=\\\"63\\\" \\/>&nbsp;<\\/p>\\r\\n<p style=\\\"text-align: left;\\\">Hi &nbsp;<em>User2 &nbsp;<em>987654324<\\/em><\\/em><\\/p>\\r\\n<p style=\\\"text-align: center;\\\">Employee Details<\\/p>\\r\\n<table style=\\\"border-collapse: collapse; width: 91.7985%; height: 188px;\\\" border=\\\"1\\\">\\r\\n<tbody>\\r\\n<tr style=\\\"height: 47px;\\\">\\r\\n<td style=\\\"width: 33.3333%; height: 47px;\\\"><span style=\\\"background-color: #b96ad9;\\\">id<\\/span><\\/td>\\r\\n<td style=\\\"width: 33.3333%; height: 47px;\\\"><span style=\\\"background-color: #e03e2d;\\\">name<\\/span><\\/td>\\r\\n<td style=\\\"width: 33.2016%; height: 47px;\\\"><span style=\\\"background-color: #e03e2d;\\\">description<\\/span><\\/td>\\r\\n<\\/tr>\\r\\n<tr style=\\\"height: 47px;\\\">\\r\\n<td style=\\\"width: 33.3333%; height: 47px;\\\">1<\\/td>\\r\\n<td style=\\\"width: 33.3333%; height: 47px;\\\">karthik1<\\/td>\\r\\n<td style=\\\"width: 33.2016%; height: 47px;\\\">karthik<\\/td>\\r\\n<\\/tr>\\r\\n<tr style=\\\"height: 47px;\\\">\\r\\n<td style=\\\"width: 33.3333%; height: 47px;\\\">2<\\/td>\\r\\n<td style=\\\"width: 33.3333%; height: 47px;\\\">ram<\\/td>\\r\\n<td style=\\\"width: 33.2016%; height: 47px;\\\">ram<\\/td>\\r\\n<\\/tr>\\r\\n<tr style=\\\"height: 47px;\\\">\\r\\n<td style=\\\"width: 33.3333%; height: 47px;\\\">3<\\/td>\\r\\n<td style=\\\"width: 33.3333%; height: 47px;\\\">lp<\\/td>\\r\\n<td style=\\\"width: 33.2016%; height: 47px;\\\">new<\\/td>\\r\\n<\\/tr>\\r\\n<\\/tbody>\\r\\n<\\/table>\\r\\n<p>Hi, this is test content &nbsp;<em>987654324<\\/em>.....<\\/p>\\\";}s:6:\\\"locale\\\";N;s:4:\\\"from\\\";a:0:{}s:2:\\\"to\\\";a:1:{i:0;a:2:{s:4:\\\"name\\\";N;s:7:\\\"address\\\";s:15:\\\"user2@gmail.com\\\";}}s:2:\\\"cc\\\";a:0:{}s:3:\\\"bcc\\\";a:0:{}s:7:\\\"replyTo\\\";a:0:{}s:7:\\\"subject\\\";N;s:8:\\\"markdown\\\";N;s:7:\\\"\\u0000*\\u0000html\\\";N;s:4:\\\"view\\\";N;s:8:\\\"textView\\\";N;s:8:\\\"viewData\\\";a:0:{}s:11:\\\"attachments\\\";a:0:{}s:14:\\\"rawAttachments\\\";a:0:{}s:15:\\\"diskAttachments\\\";a:0:{}s:9:\\\"callbacks\\\";a:0:{}s:5:\\\"theme\\\";N;s:6:\\\"mailer\\\";s:4:\\\"smtp\\\";s:29:\\\"\\u0000*\\u0000assertionableRenderStrings\\\";N;s:10:\\\"connection\\\";N;s:5:\\\"queue\\\";N;s:15:\\\"chainConnection\\\";N;s:10:\\\"chainQueue\\\";N;s:19:\\\"chainCatchCallbacks\\\";N;s:5:\\\"delay\\\";N;s:11:\\\"afterCommit\\\";N;s:10:\\\"middleware\\\";a:0:{}s:7:\\\"chained\\\";a:0:{}}s:5:\\\"tries\\\";N;s:7:\\\"timeout\\\";N;s:17:\\\"shouldBeEncrypted\\\";b:0;s:10:\\\"connection\\\";N;s:5:\\\"queue\\\";N;s:15:\\\"chainConnection\\\";N;s:10:\\\"chainQueue\\\";N;s:19:\\\"chainCatchCallbacks\\\";N;s:5:\\\"delay\\\";N;s:11:\\\"afterCommit\\\";N;s:10:\\\"middleware\\\";a:0:{}s:7:\\\"chained\\\";a:0:{}}\"}}', 'Swift_TransportException: Expected response code 354 but got code \"421\", with message \"421 Domain sandboxf9cdf983efab401cbea5bf849227240e.mailgun.org is not allowed to send: Sandbox subdomains are for test purposes only. Please add your own domain or add the address to authorized recipients in Account Settings.\r\n\" in C:\\xampp\\htdocs\\crmlaravel\\vendor\\swiftmailer\\swiftmailer\\lib\\classes\\Swift\\Transport\\AbstractSmtpTransport.php:459\nStack trace:\n#0 C:\\xampp\\htdocs\\crmlaravel\\vendor\\swiftmailer\\swiftmailer\\lib\\classes\\Swift\\Transport\\AbstractSmtpTransport.php(344): Swift_Transport_AbstractSmtpTransport->assertResponseCode(\'421 Domain sand...\', Array)\n#1 C:\\xampp\\htdocs\\crmlaravel\\vendor\\swiftmailer\\swiftmailer\\lib\\classes\\Swift\\Transport\\EsmtpTransport.php(305): Swift_Transport_AbstractSmtpTransport->executeCommand(\'DATA\\r\\n\', Array, Array, false, NULL)\n#2 C:\\xampp\\htdocs\\crmlaravel\\vendor\\swiftmailer\\swiftmailer\\lib\\classes\\Swift\\Transport\\AbstractSmtpTransport.php(392): Swift_Transport_EsmtpTransport->executeCommand(\'DATA\\r\\n\', Array, Array)\n#3 C:\\xampp\\htdocs\\crmlaravel\\vendor\\swiftmailer\\swiftmailer\\lib\\classes\\Swift\\Transport\\AbstractSmtpTransport.php(499): Swift_Transport_AbstractSmtpTransport->doDataCommand(Array)\n#4 C:\\xampp\\htdocs\\crmlaravel\\vendor\\swiftmailer\\swiftmailer\\lib\\classes\\Swift\\Transport\\AbstractSmtpTransport.php(518): Swift_Transport_AbstractSmtpTransport->doMailTransaction(Object(Swift_Message), \'karthik@coderzv...\', Array, Array)\n#5 C:\\xampp\\htdocs\\crmlaravel\\vendor\\swiftmailer\\swiftmailer\\lib\\classes\\Swift\\Transport\\AbstractSmtpTransport.php(206): Swift_Transport_AbstractSmtpTransport->sendTo(Object(Swift_Message), \'karthik@coderzv...\', Array, Array)\n#6 C:\\xampp\\htdocs\\crmlaravel\\vendor\\swiftmailer\\swiftmailer\\lib\\classes\\Swift\\Mailer.php(71): Swift_Transport_AbstractSmtpTransport->send(Object(Swift_Message), Array)\n#7 C:\\xampp\\htdocs\\crmlaravel\\vendor\\laravel\\framework\\src\\Illuminate\\Mail\\Mailer.php(521): Swift_Mailer->send(Object(Swift_Message), Array)\n#8 C:\\xampp\\htdocs\\crmlaravel\\vendor\\laravel\\framework\\src\\Illuminate\\Mail\\Mailer.php(288): Illuminate\\Mail\\Mailer->sendSwiftMessage(Object(Swift_Message))\n#9 C:\\xampp\\htdocs\\crmlaravel\\vendor\\laravel\\framework\\src\\Illuminate\\Mail\\Mailable.php(187): Illuminate\\Mail\\Mailer->send(Object(Illuminate\\Support\\HtmlString), Array, Object(Closure))\n#10 C:\\xampp\\htdocs\\crmlaravel\\vendor\\laravel\\framework\\src\\Illuminate\\Support\\Traits\\Localizable.php(19): Illuminate\\Mail\\Mailable->Illuminate\\Mail\\{closure}()\n#11 C:\\xampp\\htdocs\\crmlaravel\\vendor\\laravel\\framework\\src\\Illuminate\\Mail\\Mailable.php(188): Illuminate\\Mail\\Mailable->withLocale(NULL, Object(Closure))\n#12 C:\\xampp\\htdocs\\crmlaravel\\vendor\\laravel\\framework\\src\\Illuminate\\Mail\\SendQueuedMailable.php(65): Illuminate\\Mail\\Mailable->send(Object(Illuminate\\Mail\\MailManager))\n#13 C:\\xampp\\htdocs\\crmlaravel\\vendor\\laravel\\framework\\src\\Illuminate\\Container\\BoundMethod.php(36): Illuminate\\Mail\\SendQueuedMailable->handle(Object(Illuminate\\Mail\\MailManager))\n#14 C:\\xampp\\htdocs\\crmlaravel\\vendor\\laravel\\framework\\src\\Illuminate\\Container\\Util.php(40): Illuminate\\Container\\BoundMethod::Illuminate\\Container\\{closure}()\n#15 C:\\xampp\\htdocs\\crmlaravel\\vendor\\laravel\\framework\\src\\Illuminate\\Container\\BoundMethod.php(93): Illuminate\\Container\\Util::unwrapIfClosure(Object(Closure))\n#16 C:\\xampp\\htdocs\\crmlaravel\\vendor\\laravel\\framework\\src\\Illuminate\\Container\\BoundMethod.php(37): Illuminate\\Container\\BoundMethod::callBoundMethod(Object(Illuminate\\Foundation\\Application), Array, Object(Closure))\n#17 C:\\xampp\\htdocs\\crmlaravel\\vendor\\laravel\\framework\\src\\Illuminate\\Container\\Container.php(653): Illuminate\\Container\\BoundMethod::call(Object(Illuminate\\Foundation\\Application), Array, Array, NULL)\n#18 C:\\xampp\\htdocs\\crmlaravel\\vendor\\laravel\\framework\\src\\Illuminate\\Bus\\Dispatcher.php(128): Illuminate\\Container\\Container->call(Array)\n#19 C:\\xampp\\htdocs\\crmlaravel\\vendor\\laravel\\framework\\src\\Illuminate\\Pipeline\\Pipeline.php(128): Illuminate\\Bus\\Dispatcher->Illuminate\\Bus\\{closure}(Object(Illuminate\\Mail\\SendQueuedMailable))\n#20 C:\\xampp\\htdocs\\crmlaravel\\vendor\\laravel\\framework\\src\\Illuminate\\Pipeline\\Pipeline.php(103): Illuminate\\Pipeline\\Pipeline->Illuminate\\Pipeline\\{closure}(Object(Illuminate\\Mail\\SendQueuedMailable))\n#21 C:\\xampp\\htdocs\\crmlaravel\\vendor\\laravel\\framework\\src\\Illuminate\\Bus\\Dispatcher.php(132): Illuminate\\Pipeline\\Pipeline->then(Object(Closure))\n#22 C:\\xampp\\htdocs\\crmlaravel\\vendor\\laravel\\framework\\src\\Illuminate\\Queue\\CallQueuedHandler.php(120): Illuminate\\Bus\\Dispatcher->dispatchNow(Object(Illuminate\\Mail\\SendQueuedMailable), false)\n#23 C:\\xampp\\htdocs\\crmlaravel\\vendor\\laravel\\framework\\src\\Illuminate\\Pipeline\\Pipeline.php(128): Illuminate\\Queue\\CallQueuedHandler->Illuminate\\Queue\\{closure}(Object(Illuminate\\Mail\\SendQueuedMailable))\n#24 C:\\xampp\\htdocs\\crmlaravel\\vendor\\laravel\\framework\\src\\Illuminate\\Pipeline\\Pipeline.php(103): Illuminate\\Pipeline\\Pipeline->Illuminate\\Pipeline\\{closure}(Object(Illuminate\\Mail\\SendQueuedMailable))\n#25 C:\\xampp\\htdocs\\crmlaravel\\vendor\\laravel\\framework\\src\\Illuminate\\Queue\\CallQueuedHandler.php(122): Illuminate\\Pipeline\\Pipeline->then(Object(Closure))\n#26 C:\\xampp\\htdocs\\crmlaravel\\vendor\\laravel\\framework\\src\\Illuminate\\Queue\\CallQueuedHandler.php(70): Illuminate\\Queue\\CallQueuedHandler->dispatchThroughMiddleware(Object(Illuminate\\Queue\\Jobs\\DatabaseJob), Object(Illuminate\\Mail\\SendQueuedMailable))\n#27 C:\\xampp\\htdocs\\crmlaravel\\vendor\\laravel\\framework\\src\\Illuminate\\Queue\\Jobs\\Job.php(98): Illuminate\\Queue\\CallQueuedHandler->call(Object(Illuminate\\Queue\\Jobs\\DatabaseJob), Array)\n#28 C:\\xampp\\htdocs\\crmlaravel\\vendor\\laravel\\framework\\src\\Illuminate\\Queue\\Worker.php(428): Illuminate\\Queue\\Jobs\\Job->fire()\n#29 C:\\xampp\\htdocs\\crmlaravel\\vendor\\laravel\\framework\\src\\Illuminate\\Queue\\Worker.php(378): Illuminate\\Queue\\Worker->process(\'database\', Object(Illuminate\\Queue\\Jobs\\DatabaseJob), Object(Illuminate\\Queue\\WorkerOptions))\n#30 C:\\xampp\\htdocs\\crmlaravel\\vendor\\laravel\\framework\\src\\Illuminate\\Queue\\Worker.php(329): Illuminate\\Queue\\Worker->runJob(Object(Illuminate\\Queue\\Jobs\\DatabaseJob), \'database\', Object(Illuminate\\Queue\\WorkerOptions))\n#31 C:\\xampp\\htdocs\\crmlaravel\\vendor\\laravel\\framework\\src\\Illuminate\\Queue\\Console\\WorkCommand.php(117): Illuminate\\Queue\\Worker->runNextJob(\'database\', \'default\', Object(Illuminate\\Queue\\WorkerOptions))\n#32 C:\\xampp\\htdocs\\crmlaravel\\vendor\\laravel\\framework\\src\\Illuminate\\Queue\\Console\\WorkCommand.php(101): Illuminate\\Queue\\Console\\WorkCommand->runWorker(\'database\', \'default\')\n#33 C:\\xampp\\htdocs\\crmlaravel\\vendor\\laravel\\framework\\src\\Illuminate\\Container\\BoundMethod.php(36): Illuminate\\Queue\\Console\\WorkCommand->handle()\n#34 C:\\xampp\\htdocs\\crmlaravel\\vendor\\laravel\\framework\\src\\Illuminate\\Container\\Util.php(40): Illuminate\\Container\\BoundMethod::Illuminate\\Container\\{closure}()\n#35 C:\\xampp\\htdocs\\crmlaravel\\vendor\\laravel\\framework\\src\\Illuminate\\Container\\BoundMethod.php(93): Illuminate\\Container\\Util::unwrapIfClosure(Object(Closure))\n#36 C:\\xampp\\htdocs\\crmlaravel\\vendor\\laravel\\framework\\src\\Illuminate\\Container\\BoundMethod.php(37): Illuminate\\Container\\BoundMethod::callBoundMethod(Object(Illuminate\\Foundation\\Application), Array, Object(Closure))\n#37 C:\\xampp\\htdocs\\crmlaravel\\vendor\\laravel\\framework\\src\\Illuminate\\Container\\Container.php(653): Illuminate\\Container\\BoundMethod::call(Object(Illuminate\\Foundation\\Application), Array, Array, NULL)\n#38 C:\\xampp\\htdocs\\crmlaravel\\vendor\\laravel\\framework\\src\\Illuminate\\Console\\Command.php(136): Illuminate\\Container\\Container->call(Array)\n#39 C:\\xampp\\htdocs\\crmlaravel\\vendor\\symfony\\console\\Command\\Command.php(298): Illuminate\\Console\\Command->execute(Object(Symfony\\Component\\Console\\Input\\ArgvInput), Object(Illuminate\\Console\\OutputStyle))\n#40 C:\\xampp\\htdocs\\crmlaravel\\vendor\\laravel\\framework\\src\\Illuminate\\Console\\Command.php(121): Symfony\\Component\\Console\\Command\\Command->run(Object(Symfony\\Component\\Console\\Input\\ArgvInput), Object(Illuminate\\Console\\OutputStyle))\n#41 C:\\xampp\\htdocs\\crmlaravel\\vendor\\symfony\\console\\Application.php(1015): Illuminate\\Console\\Command->run(Object(Symfony\\Component\\Console\\Input\\ArgvInput), Object(Symfony\\Component\\Console\\Output\\ConsoleOutput))\n#42 C:\\xampp\\htdocs\\crmlaravel\\vendor\\symfony\\console\\Application.php(299): Symfony\\Component\\Console\\Application->doRunCommand(Object(Illuminate\\Queue\\Console\\WorkCommand), Object(Symfony\\Component\\Console\\Input\\ArgvInput), Object(Symfony\\Component\\Console\\Output\\ConsoleOutput))\n#43 C:\\xampp\\htdocs\\crmlaravel\\vendor\\symfony\\console\\Application.php(171): Symfony\\Component\\Console\\Application->doRun(Object(Symfony\\Component\\Console\\Input\\ArgvInput), Object(Symfony\\Component\\Console\\Output\\ConsoleOutput))\n#44 C:\\xampp\\htdocs\\crmlaravel\\vendor\\laravel\\framework\\src\\Illuminate\\Console\\Application.php(94): Symfony\\Component\\Console\\Application->run(Object(Symfony\\Component\\Console\\Input\\ArgvInput), Object(Symfony\\Component\\Console\\Output\\ConsoleOutput))\n#45 C:\\xampp\\htdocs\\crmlaravel\\vendor\\laravel\\framework\\src\\Illuminate\\Foundation\\Console\\Kernel.php(129): Illuminate\\Console\\Application->run(Object(Symfony\\Component\\Console\\Input\\ArgvInput), Object(Symfony\\Component\\Console\\Output\\ConsoleOutput))\n#46 C:\\xampp\\htdocs\\crmlaravel\\artisan(37): Illuminate\\Foundation\\Console\\Kernel->handle(Object(Symfony\\Component\\Console\\Input\\ArgvInput), Object(Symfony\\Component\\Console\\Output\\ConsoleOutput))\n#47 {main}', '2022-03-02 07:28:38'),
(5, '716e7bfd-cb19-42d0-9b06-db61c42ee14e', 'database', 'default', '{\"uuid\":\"716e7bfd-cb19-42d0-9b06-db61c42ee14e\",\"displayName\":\"App\\\\Mail\\\\SendMail\",\"job\":\"Illuminate\\\\Queue\\\\CallQueuedHandler@call\",\"maxTries\":null,\"maxExceptions\":null,\"failOnTimeout\":false,\"backoff\":null,\"timeout\":null,\"retryUntil\":null,\"data\":{\"commandName\":\"Illuminate\\\\Mail\\\\SendQueuedMailable\",\"command\":\"O:34:\\\"Illuminate\\\\Mail\\\\SendQueuedMailable\\\":13:{s:8:\\\"mailable\\\";O:17:\\\"App\\\\Mail\\\\SendMail\\\":29:{s:26:\\\"\\u0000App\\\\Mail\\\\SendMail\\u0000details\\\";a:2:{s:5:\\\"email\\\";s:15:\\\"user2@gmail.com\\\";s:16:\\\"template_content\\\";s:1404:\\\"<p style=\\\"text-align: left;\\\"><img src=\\\"https:\\/\\/coderzvisiontech.com\\/wp-content\\/uploads\\/2021\\/06\\/Logo@2x-e1623259703142.png\\\" width=\\\"229\\\" height=\\\"63\\\" \\/>&nbsp;<\\/p>\\r\\n<p style=\\\"text-align: left;\\\">Hi &nbsp;<em>User2 &nbsp;<em>987654324<\\/em><\\/em><\\/p>\\r\\n<p style=\\\"text-align: center;\\\">Employee Details<\\/p>\\r\\n<table style=\\\"border-collapse: collapse; width: 91.7985%; height: 188px;\\\" border=\\\"1\\\">\\r\\n<tbody>\\r\\n<tr style=\\\"height: 47px;\\\">\\r\\n<td style=\\\"width: 33.3333%; height: 47px;\\\"><span style=\\\"background-color: #b96ad9;\\\">id<\\/span><\\/td>\\r\\n<td style=\\\"width: 33.3333%; height: 47px;\\\"><span style=\\\"background-color: #e03e2d;\\\">name<\\/span><\\/td>\\r\\n<td style=\\\"width: 33.2016%; height: 47px;\\\"><span style=\\\"background-color: #e03e2d;\\\">description<\\/span><\\/td>\\r\\n<\\/tr>\\r\\n<tr style=\\\"height: 47px;\\\">\\r\\n<td style=\\\"width: 33.3333%; height: 47px;\\\">1<\\/td>\\r\\n<td style=\\\"width: 33.3333%; height: 47px;\\\">karthik1<\\/td>\\r\\n<td style=\\\"width: 33.2016%; height: 47px;\\\">karthik<\\/td>\\r\\n<\\/tr>\\r\\n<tr style=\\\"height: 47px;\\\">\\r\\n<td style=\\\"width: 33.3333%; height: 47px;\\\">2<\\/td>\\r\\n<td style=\\\"width: 33.3333%; height: 47px;\\\">ram<\\/td>\\r\\n<td style=\\\"width: 33.2016%; height: 47px;\\\">ram<\\/td>\\r\\n<\\/tr>\\r\\n<tr style=\\\"height: 47px;\\\">\\r\\n<td style=\\\"width: 33.3333%; height: 47px;\\\">3<\\/td>\\r\\n<td style=\\\"width: 33.3333%; height: 47px;\\\">lp<\\/td>\\r\\n<td style=\\\"width: 33.2016%; height: 47px;\\\">new<\\/td>\\r\\n<\\/tr>\\r\\n<\\/tbody>\\r\\n<\\/table>\\r\\n<p>Hi, this is test content &nbsp;<em>987654324<\\/em>.....<\\/p>\\\";}s:6:\\\"locale\\\";N;s:4:\\\"from\\\";a:0:{}s:2:\\\"to\\\";a:1:{i:0;a:2:{s:4:\\\"name\\\";N;s:7:\\\"address\\\";s:15:\\\"user2@gmail.com\\\";}}s:2:\\\"cc\\\";a:0:{}s:3:\\\"bcc\\\";a:0:{}s:7:\\\"replyTo\\\";a:0:{}s:7:\\\"subject\\\";N;s:8:\\\"markdown\\\";N;s:7:\\\"\\u0000*\\u0000html\\\";N;s:4:\\\"view\\\";N;s:8:\\\"textView\\\";N;s:8:\\\"viewData\\\";a:0:{}s:11:\\\"attachments\\\";a:0:{}s:14:\\\"rawAttachments\\\";a:0:{}s:15:\\\"diskAttachments\\\";a:0:{}s:9:\\\"callbacks\\\";a:0:{}s:5:\\\"theme\\\";N;s:6:\\\"mailer\\\";s:4:\\\"smtp\\\";s:29:\\\"\\u0000*\\u0000assertionableRenderStrings\\\";N;s:10:\\\"connection\\\";N;s:5:\\\"queue\\\";N;s:15:\\\"chainConnection\\\";N;s:10:\\\"chainQueue\\\";N;s:19:\\\"chainCatchCallbacks\\\";N;s:5:\\\"delay\\\";N;s:11:\\\"afterCommit\\\";N;s:10:\\\"middleware\\\";a:0:{}s:7:\\\"chained\\\";a:0:{}}s:5:\\\"tries\\\";N;s:7:\\\"timeout\\\";N;s:17:\\\"shouldBeEncrypted\\\";b:0;s:10:\\\"connection\\\";N;s:5:\\\"queue\\\";N;s:15:\\\"chainConnection\\\";N;s:10:\\\"chainQueue\\\";N;s:19:\\\"chainCatchCallbacks\\\";N;s:5:\\\"delay\\\";N;s:11:\\\"afterCommit\\\";N;s:10:\\\"middleware\\\";a:0:{}s:7:\\\"chained\\\";a:0:{}}\"}}', 'Swift_TransportException: Expected response code 354 but got code \"421\", with message \"421 Domain sandboxf9cdf983efab401cbea5bf849227240e.mailgun.org is not allowed to send: Sandbox subdomains are for test purposes only. Please add your own domain or add the address to authorized recipients in Account Settings.\r\n\" in C:\\xampp\\htdocs\\crmlaravel\\vendor\\swiftmailer\\swiftmailer\\lib\\classes\\Swift\\Transport\\AbstractSmtpTransport.php:459\nStack trace:\n#0 C:\\xampp\\htdocs\\crmlaravel\\vendor\\swiftmailer\\swiftmailer\\lib\\classes\\Swift\\Transport\\AbstractSmtpTransport.php(344): Swift_Transport_AbstractSmtpTransport->assertResponseCode(\'421 Domain sand...\', Array)\n#1 C:\\xampp\\htdocs\\crmlaravel\\vendor\\swiftmailer\\swiftmailer\\lib\\classes\\Swift\\Transport\\EsmtpTransport.php(305): Swift_Transport_AbstractSmtpTransport->executeCommand(\'DATA\\r\\n\', Array, Array, false, NULL)\n#2 C:\\xampp\\htdocs\\crmlaravel\\vendor\\swiftmailer\\swiftmailer\\lib\\classes\\Swift\\Transport\\AbstractSmtpTransport.php(392): Swift_Transport_EsmtpTransport->executeCommand(\'DATA\\r\\n\', Array, Array)\n#3 C:\\xampp\\htdocs\\crmlaravel\\vendor\\swiftmailer\\swiftmailer\\lib\\classes\\Swift\\Transport\\AbstractSmtpTransport.php(499): Swift_Transport_AbstractSmtpTransport->doDataCommand(Array)\n#4 C:\\xampp\\htdocs\\crmlaravel\\vendor\\swiftmailer\\swiftmailer\\lib\\classes\\Swift\\Transport\\AbstractSmtpTransport.php(518): Swift_Transport_AbstractSmtpTransport->doMailTransaction(Object(Swift_Message), \'karthik@coderzv...\', Array, Array)\n#5 C:\\xampp\\htdocs\\crmlaravel\\vendor\\swiftmailer\\swiftmailer\\lib\\classes\\Swift\\Transport\\AbstractSmtpTransport.php(206): Swift_Transport_AbstractSmtpTransport->sendTo(Object(Swift_Message), \'karthik@coderzv...\', Array, Array)\n#6 C:\\xampp\\htdocs\\crmlaravel\\vendor\\swiftmailer\\swiftmailer\\lib\\classes\\Swift\\Mailer.php(71): Swift_Transport_AbstractSmtpTransport->send(Object(Swift_Message), Array)\n#7 C:\\xampp\\htdocs\\crmlaravel\\vendor\\laravel\\framework\\src\\Illuminate\\Mail\\Mailer.php(521): Swift_Mailer->send(Object(Swift_Message), Array)\n#8 C:\\xampp\\htdocs\\crmlaravel\\vendor\\laravel\\framework\\src\\Illuminate\\Mail\\Mailer.php(288): Illuminate\\Mail\\Mailer->sendSwiftMessage(Object(Swift_Message))\n#9 C:\\xampp\\htdocs\\crmlaravel\\vendor\\laravel\\framework\\src\\Illuminate\\Mail\\Mailable.php(187): Illuminate\\Mail\\Mailer->send(Object(Illuminate\\Support\\HtmlString), Array, Object(Closure))\n#10 C:\\xampp\\htdocs\\crmlaravel\\vendor\\laravel\\framework\\src\\Illuminate\\Support\\Traits\\Localizable.php(19): Illuminate\\Mail\\Mailable->Illuminate\\Mail\\{closure}()\n#11 C:\\xampp\\htdocs\\crmlaravel\\vendor\\laravel\\framework\\src\\Illuminate\\Mail\\Mailable.php(188): Illuminate\\Mail\\Mailable->withLocale(NULL, Object(Closure))\n#12 C:\\xampp\\htdocs\\crmlaravel\\vendor\\laravel\\framework\\src\\Illuminate\\Mail\\SendQueuedMailable.php(65): Illuminate\\Mail\\Mailable->send(Object(Illuminate\\Mail\\MailManager))\n#13 C:\\xampp\\htdocs\\crmlaravel\\vendor\\laravel\\framework\\src\\Illuminate\\Container\\BoundMethod.php(36): Illuminate\\Mail\\SendQueuedMailable->handle(Object(Illuminate\\Mail\\MailManager))\n#14 C:\\xampp\\htdocs\\crmlaravel\\vendor\\laravel\\framework\\src\\Illuminate\\Container\\Util.php(40): Illuminate\\Container\\BoundMethod::Illuminate\\Container\\{closure}()\n#15 C:\\xampp\\htdocs\\crmlaravel\\vendor\\laravel\\framework\\src\\Illuminate\\Container\\BoundMethod.php(93): Illuminate\\Container\\Util::unwrapIfClosure(Object(Closure))\n#16 C:\\xampp\\htdocs\\crmlaravel\\vendor\\laravel\\framework\\src\\Illuminate\\Container\\BoundMethod.php(37): Illuminate\\Container\\BoundMethod::callBoundMethod(Object(Illuminate\\Foundation\\Application), Array, Object(Closure))\n#17 C:\\xampp\\htdocs\\crmlaravel\\vendor\\laravel\\framework\\src\\Illuminate\\Container\\Container.php(653): Illuminate\\Container\\BoundMethod::call(Object(Illuminate\\Foundation\\Application), Array, Array, NULL)\n#18 C:\\xampp\\htdocs\\crmlaravel\\vendor\\laravel\\framework\\src\\Illuminate\\Bus\\Dispatcher.php(128): Illuminate\\Container\\Container->call(Array)\n#19 C:\\xampp\\htdocs\\crmlaravel\\vendor\\laravel\\framework\\src\\Illuminate\\Pipeline\\Pipeline.php(128): Illuminate\\Bus\\Dispatcher->Illuminate\\Bus\\{closure}(Object(Illuminate\\Mail\\SendQueuedMailable))\n#20 C:\\xampp\\htdocs\\crmlaravel\\vendor\\laravel\\framework\\src\\Illuminate\\Pipeline\\Pipeline.php(103): Illuminate\\Pipeline\\Pipeline->Illuminate\\Pipeline\\{closure}(Object(Illuminate\\Mail\\SendQueuedMailable))\n#21 C:\\xampp\\htdocs\\crmlaravel\\vendor\\laravel\\framework\\src\\Illuminate\\Bus\\Dispatcher.php(132): Illuminate\\Pipeline\\Pipeline->then(Object(Closure))\n#22 C:\\xampp\\htdocs\\crmlaravel\\vendor\\laravel\\framework\\src\\Illuminate\\Queue\\CallQueuedHandler.php(120): Illuminate\\Bus\\Dispatcher->dispatchNow(Object(Illuminate\\Mail\\SendQueuedMailable), false)\n#23 C:\\xampp\\htdocs\\crmlaravel\\vendor\\laravel\\framework\\src\\Illuminate\\Pipeline\\Pipeline.php(128): Illuminate\\Queue\\CallQueuedHandler->Illuminate\\Queue\\{closure}(Object(Illuminate\\Mail\\SendQueuedMailable))\n#24 C:\\xampp\\htdocs\\crmlaravel\\vendor\\laravel\\framework\\src\\Illuminate\\Pipeline\\Pipeline.php(103): Illuminate\\Pipeline\\Pipeline->Illuminate\\Pipeline\\{closure}(Object(Illuminate\\Mail\\SendQueuedMailable))\n#25 C:\\xampp\\htdocs\\crmlaravel\\vendor\\laravel\\framework\\src\\Illuminate\\Queue\\CallQueuedHandler.php(122): Illuminate\\Pipeline\\Pipeline->then(Object(Closure))\n#26 C:\\xampp\\htdocs\\crmlaravel\\vendor\\laravel\\framework\\src\\Illuminate\\Queue\\CallQueuedHandler.php(70): Illuminate\\Queue\\CallQueuedHandler->dispatchThroughMiddleware(Object(Illuminate\\Queue\\Jobs\\DatabaseJob), Object(Illuminate\\Mail\\SendQueuedMailable))\n#27 C:\\xampp\\htdocs\\crmlaravel\\vendor\\laravel\\framework\\src\\Illuminate\\Queue\\Jobs\\Job.php(98): Illuminate\\Queue\\CallQueuedHandler->call(Object(Illuminate\\Queue\\Jobs\\DatabaseJob), Array)\n#28 C:\\xampp\\htdocs\\crmlaravel\\vendor\\laravel\\framework\\src\\Illuminate\\Queue\\Worker.php(428): Illuminate\\Queue\\Jobs\\Job->fire()\n#29 C:\\xampp\\htdocs\\crmlaravel\\vendor\\laravel\\framework\\src\\Illuminate\\Queue\\Worker.php(378): Illuminate\\Queue\\Worker->process(\'database\', Object(Illuminate\\Queue\\Jobs\\DatabaseJob), Object(Illuminate\\Queue\\WorkerOptions))\n#30 C:\\xampp\\htdocs\\crmlaravel\\vendor\\laravel\\framework\\src\\Illuminate\\Queue\\Worker.php(329): Illuminate\\Queue\\Worker->runJob(Object(Illuminate\\Queue\\Jobs\\DatabaseJob), \'database\', Object(Illuminate\\Queue\\WorkerOptions))\n#31 C:\\xampp\\htdocs\\crmlaravel\\vendor\\laravel\\framework\\src\\Illuminate\\Queue\\Console\\WorkCommand.php(117): Illuminate\\Queue\\Worker->runNextJob(\'database\', \'default\', Object(Illuminate\\Queue\\WorkerOptions))\n#32 C:\\xampp\\htdocs\\crmlaravel\\vendor\\laravel\\framework\\src\\Illuminate\\Queue\\Console\\WorkCommand.php(101): Illuminate\\Queue\\Console\\WorkCommand->runWorker(\'database\', \'default\')\n#33 C:\\xampp\\htdocs\\crmlaravel\\vendor\\laravel\\framework\\src\\Illuminate\\Container\\BoundMethod.php(36): Illuminate\\Queue\\Console\\WorkCommand->handle()\n#34 C:\\xampp\\htdocs\\crmlaravel\\vendor\\laravel\\framework\\src\\Illuminate\\Container\\Util.php(40): Illuminate\\Container\\BoundMethod::Illuminate\\Container\\{closure}()\n#35 C:\\xampp\\htdocs\\crmlaravel\\vendor\\laravel\\framework\\src\\Illuminate\\Container\\BoundMethod.php(93): Illuminate\\Container\\Util::unwrapIfClosure(Object(Closure))\n#36 C:\\xampp\\htdocs\\crmlaravel\\vendor\\laravel\\framework\\src\\Illuminate\\Container\\BoundMethod.php(37): Illuminate\\Container\\BoundMethod::callBoundMethod(Object(Illuminate\\Foundation\\Application), Array, Object(Closure))\n#37 C:\\xampp\\htdocs\\crmlaravel\\vendor\\laravel\\framework\\src\\Illuminate\\Container\\Container.php(653): Illuminate\\Container\\BoundMethod::call(Object(Illuminate\\Foundation\\Application), Array, Array, NULL)\n#38 C:\\xampp\\htdocs\\crmlaravel\\vendor\\laravel\\framework\\src\\Illuminate\\Console\\Command.php(136): Illuminate\\Container\\Container->call(Array)\n#39 C:\\xampp\\htdocs\\crmlaravel\\vendor\\symfony\\console\\Command\\Command.php(298): Illuminate\\Console\\Command->execute(Object(Symfony\\Component\\Console\\Input\\ArgvInput), Object(Illuminate\\Console\\OutputStyle))\n#40 C:\\xampp\\htdocs\\crmlaravel\\vendor\\laravel\\framework\\src\\Illuminate\\Console\\Command.php(121): Symfony\\Component\\Console\\Command\\Command->run(Object(Symfony\\Component\\Console\\Input\\ArgvInput), Object(Illuminate\\Console\\OutputStyle))\n#41 C:\\xampp\\htdocs\\crmlaravel\\vendor\\symfony\\console\\Application.php(1015): Illuminate\\Console\\Command->run(Object(Symfony\\Component\\Console\\Input\\ArgvInput), Object(Symfony\\Component\\Console\\Output\\ConsoleOutput))\n#42 C:\\xampp\\htdocs\\crmlaravel\\vendor\\symfony\\console\\Application.php(299): Symfony\\Component\\Console\\Application->doRunCommand(Object(Illuminate\\Queue\\Console\\WorkCommand), Object(Symfony\\Component\\Console\\Input\\ArgvInput), Object(Symfony\\Component\\Console\\Output\\ConsoleOutput))\n#43 C:\\xampp\\htdocs\\crmlaravel\\vendor\\symfony\\console\\Application.php(171): Symfony\\Component\\Console\\Application->doRun(Object(Symfony\\Component\\Console\\Input\\ArgvInput), Object(Symfony\\Component\\Console\\Output\\ConsoleOutput))\n#44 C:\\xampp\\htdocs\\crmlaravel\\vendor\\laravel\\framework\\src\\Illuminate\\Console\\Application.php(94): Symfony\\Component\\Console\\Application->run(Object(Symfony\\Component\\Console\\Input\\ArgvInput), Object(Symfony\\Component\\Console\\Output\\ConsoleOutput))\n#45 C:\\xampp\\htdocs\\crmlaravel\\vendor\\laravel\\framework\\src\\Illuminate\\Foundation\\Console\\Kernel.php(129): Illuminate\\Console\\Application->run(Object(Symfony\\Component\\Console\\Input\\ArgvInput), Object(Symfony\\Component\\Console\\Output\\ConsoleOutput))\n#46 C:\\xampp\\htdocs\\crmlaravel\\artisan(37): Illuminate\\Foundation\\Console\\Kernel->handle(Object(Symfony\\Component\\Console\\Input\\ArgvInput), Object(Symfony\\Component\\Console\\Output\\ConsoleOutput))\n#47 {main}', '2022-03-02 07:30:09'),
(6, 'e12b6b10-b965-42db-83a3-654ee5f0ca67', 'database', 'default', '{\"uuid\":\"e12b6b10-b965-42db-83a3-654ee5f0ca67\",\"displayName\":\"App\\\\Mail\\\\SendMail\",\"job\":\"Illuminate\\\\Queue\\\\CallQueuedHandler@call\",\"maxTries\":null,\"maxExceptions\":null,\"failOnTimeout\":false,\"backoff\":null,\"timeout\":null,\"retryUntil\":null,\"data\":{\"commandName\":\"Illuminate\\\\Mail\\\\SendQueuedMailable\",\"command\":\"O:34:\\\"Illuminate\\\\Mail\\\\SendQueuedMailable\\\":13:{s:8:\\\"mailable\\\";O:17:\\\"App\\\\Mail\\\\SendMail\\\":29:{s:26:\\\"\\u0000App\\\\Mail\\\\SendMail\\u0000details\\\";a:2:{s:5:\\\"email\\\";s:15:\\\"user2@gmail.com\\\";s:16:\\\"template_content\\\";s:1404:\\\"<p style=\\\"text-align: left;\\\"><img src=\\\"https:\\/\\/coderzvisiontech.com\\/wp-content\\/uploads\\/2021\\/06\\/Logo@2x-e1623259703142.png\\\" width=\\\"229\\\" height=\\\"63\\\" \\/>&nbsp;<\\/p>\\r\\n<p style=\\\"text-align: left;\\\">Hi &nbsp;<em>User2 &nbsp;<em>987654324<\\/em><\\/em><\\/p>\\r\\n<p style=\\\"text-align: center;\\\">Employee Details<\\/p>\\r\\n<table style=\\\"border-collapse: collapse; width: 91.7985%; height: 188px;\\\" border=\\\"1\\\">\\r\\n<tbody>\\r\\n<tr style=\\\"height: 47px;\\\">\\r\\n<td style=\\\"width: 33.3333%; height: 47px;\\\"><span style=\\\"background-color: #b96ad9;\\\">id<\\/span><\\/td>\\r\\n<td style=\\\"width: 33.3333%; height: 47px;\\\"><span style=\\\"background-color: #e03e2d;\\\">name<\\/span><\\/td>\\r\\n<td style=\\\"width: 33.2016%; height: 47px;\\\"><span style=\\\"background-color: #e03e2d;\\\">description<\\/span><\\/td>\\r\\n<\\/tr>\\r\\n<tr style=\\\"height: 47px;\\\">\\r\\n<td style=\\\"width: 33.3333%; height: 47px;\\\">1<\\/td>\\r\\n<td style=\\\"width: 33.3333%; height: 47px;\\\">karthik1<\\/td>\\r\\n<td style=\\\"width: 33.2016%; height: 47px;\\\">karthik<\\/td>\\r\\n<\\/tr>\\r\\n<tr style=\\\"height: 47px;\\\">\\r\\n<td style=\\\"width: 33.3333%; height: 47px;\\\">2<\\/td>\\r\\n<td style=\\\"width: 33.3333%; height: 47px;\\\">ram<\\/td>\\r\\n<td style=\\\"width: 33.2016%; height: 47px;\\\">ram<\\/td>\\r\\n<\\/tr>\\r\\n<tr style=\\\"height: 47px;\\\">\\r\\n<td style=\\\"width: 33.3333%; height: 47px;\\\">3<\\/td>\\r\\n<td style=\\\"width: 33.3333%; height: 47px;\\\">lp<\\/td>\\r\\n<td style=\\\"width: 33.2016%; height: 47px;\\\">new<\\/td>\\r\\n<\\/tr>\\r\\n<\\/tbody>\\r\\n<\\/table>\\r\\n<p>Hi, this is test content &nbsp;<em>987654324<\\/em>.....<\\/p>\\\";}s:6:\\\"locale\\\";N;s:4:\\\"from\\\";a:0:{}s:2:\\\"to\\\";a:1:{i:0;a:2:{s:4:\\\"name\\\";N;s:7:\\\"address\\\";s:15:\\\"user2@gmail.com\\\";}}s:2:\\\"cc\\\";a:0:{}s:3:\\\"bcc\\\";a:0:{}s:7:\\\"replyTo\\\";a:0:{}s:7:\\\"subject\\\";N;s:8:\\\"markdown\\\";N;s:7:\\\"\\u0000*\\u0000html\\\";N;s:4:\\\"view\\\";N;s:8:\\\"textView\\\";N;s:8:\\\"viewData\\\";a:0:{}s:11:\\\"attachments\\\";a:0:{}s:14:\\\"rawAttachments\\\";a:0:{}s:15:\\\"diskAttachments\\\";a:0:{}s:9:\\\"callbacks\\\";a:0:{}s:5:\\\"theme\\\";N;s:6:\\\"mailer\\\";s:4:\\\"smtp\\\";s:29:\\\"\\u0000*\\u0000assertionableRenderStrings\\\";N;s:10:\\\"connection\\\";N;s:5:\\\"queue\\\";N;s:15:\\\"chainConnection\\\";N;s:10:\\\"chainQueue\\\";N;s:19:\\\"chainCatchCallbacks\\\";N;s:5:\\\"delay\\\";N;s:11:\\\"afterCommit\\\";N;s:10:\\\"middleware\\\";a:0:{}s:7:\\\"chained\\\";a:0:{}}s:5:\\\"tries\\\";N;s:7:\\\"timeout\\\";N;s:17:\\\"shouldBeEncrypted\\\";b:0;s:10:\\\"connection\\\";N;s:5:\\\"queue\\\";N;s:15:\\\"chainConnection\\\";N;s:10:\\\"chainQueue\\\";N;s:19:\\\"chainCatchCallbacks\\\";N;s:5:\\\"delay\\\";N;s:11:\\\"afterCommit\\\";N;s:10:\\\"middleware\\\";a:0:{}s:7:\\\"chained\\\";a:0:{}}\"}}', 'Swift_TransportException: Expected response code 354 but got code \"421\", with message \"421 Domain sandboxf9cdf983efab401cbea5bf849227240e.mailgun.org is not allowed to send: Sandbox subdomains are for test purposes only. Please add your own domain or add the address to authorized recipients in Account Settings.\r\n\" in C:\\xampp\\htdocs\\crmlaravel\\vendor\\swiftmailer\\swiftmailer\\lib\\classes\\Swift\\Transport\\AbstractSmtpTransport.php:459\nStack trace:\n#0 C:\\xampp\\htdocs\\crmlaravel\\vendor\\swiftmailer\\swiftmailer\\lib\\classes\\Swift\\Transport\\AbstractSmtpTransport.php(344): Swift_Transport_AbstractSmtpTransport->assertResponseCode(\'421 Domain sand...\', Array)\n#1 C:\\xampp\\htdocs\\crmlaravel\\vendor\\swiftmailer\\swiftmailer\\lib\\classes\\Swift\\Transport\\EsmtpTransport.php(305): Swift_Transport_AbstractSmtpTransport->executeCommand(\'DATA\\r\\n\', Array, Array, false, NULL)\n#2 C:\\xampp\\htdocs\\crmlaravel\\vendor\\swiftmailer\\swiftmailer\\lib\\classes\\Swift\\Transport\\AbstractSmtpTransport.php(392): Swift_Transport_EsmtpTransport->executeCommand(\'DATA\\r\\n\', Array, Array)\n#3 C:\\xampp\\htdocs\\crmlaravel\\vendor\\swiftmailer\\swiftmailer\\lib\\classes\\Swift\\Transport\\AbstractSmtpTransport.php(499): Swift_Transport_AbstractSmtpTransport->doDataCommand(Array)\n#4 C:\\xampp\\htdocs\\crmlaravel\\vendor\\swiftmailer\\swiftmailer\\lib\\classes\\Swift\\Transport\\AbstractSmtpTransport.php(518): Swift_Transport_AbstractSmtpTransport->doMailTransaction(Object(Swift_Message), \'karthik@coderzv...\', Array, Array)\n#5 C:\\xampp\\htdocs\\crmlaravel\\vendor\\swiftmailer\\swiftmailer\\lib\\classes\\Swift\\Transport\\AbstractSmtpTransport.php(206): Swift_Transport_AbstractSmtpTransport->sendTo(Object(Swift_Message), \'karthik@coderzv...\', Array, Array)\n#6 C:\\xampp\\htdocs\\crmlaravel\\vendor\\swiftmailer\\swiftmailer\\lib\\classes\\Swift\\Mailer.php(71): Swift_Transport_AbstractSmtpTransport->send(Object(Swift_Message), Array)\n#7 C:\\xampp\\htdocs\\crmlaravel\\vendor\\laravel\\framework\\src\\Illuminate\\Mail\\Mailer.php(521): Swift_Mailer->send(Object(Swift_Message), Array)\n#8 C:\\xampp\\htdocs\\crmlaravel\\vendor\\laravel\\framework\\src\\Illuminate\\Mail\\Mailer.php(288): Illuminate\\Mail\\Mailer->sendSwiftMessage(Object(Swift_Message))\n#9 C:\\xampp\\htdocs\\crmlaravel\\vendor\\laravel\\framework\\src\\Illuminate\\Mail\\Mailable.php(187): Illuminate\\Mail\\Mailer->send(Object(Illuminate\\Support\\HtmlString), Array, Object(Closure))\n#10 C:\\xampp\\htdocs\\crmlaravel\\vendor\\laravel\\framework\\src\\Illuminate\\Support\\Traits\\Localizable.php(19): Illuminate\\Mail\\Mailable->Illuminate\\Mail\\{closure}()\n#11 C:\\xampp\\htdocs\\crmlaravel\\vendor\\laravel\\framework\\src\\Illuminate\\Mail\\Mailable.php(188): Illuminate\\Mail\\Mailable->withLocale(NULL, Object(Closure))\n#12 C:\\xampp\\htdocs\\crmlaravel\\vendor\\laravel\\framework\\src\\Illuminate\\Mail\\SendQueuedMailable.php(65): Illuminate\\Mail\\Mailable->send(Object(Illuminate\\Mail\\MailManager))\n#13 C:\\xampp\\htdocs\\crmlaravel\\vendor\\laravel\\framework\\src\\Illuminate\\Container\\BoundMethod.php(36): Illuminate\\Mail\\SendQueuedMailable->handle(Object(Illuminate\\Mail\\MailManager))\n#14 C:\\xampp\\htdocs\\crmlaravel\\vendor\\laravel\\framework\\src\\Illuminate\\Container\\Util.php(40): Illuminate\\Container\\BoundMethod::Illuminate\\Container\\{closure}()\n#15 C:\\xampp\\htdocs\\crmlaravel\\vendor\\laravel\\framework\\src\\Illuminate\\Container\\BoundMethod.php(93): Illuminate\\Container\\Util::unwrapIfClosure(Object(Closure))\n#16 C:\\xampp\\htdocs\\crmlaravel\\vendor\\laravel\\framework\\src\\Illuminate\\Container\\BoundMethod.php(37): Illuminate\\Container\\BoundMethod::callBoundMethod(Object(Illuminate\\Foundation\\Application), Array, Object(Closure))\n#17 C:\\xampp\\htdocs\\crmlaravel\\vendor\\laravel\\framework\\src\\Illuminate\\Container\\Container.php(653): Illuminate\\Container\\BoundMethod::call(Object(Illuminate\\Foundation\\Application), Array, Array, NULL)\n#18 C:\\xampp\\htdocs\\crmlaravel\\vendor\\laravel\\framework\\src\\Illuminate\\Bus\\Dispatcher.php(128): Illuminate\\Container\\Container->call(Array)\n#19 C:\\xampp\\htdocs\\crmlaravel\\vendor\\laravel\\framework\\src\\Illuminate\\Pipeline\\Pipeline.php(128): Illuminate\\Bus\\Dispatcher->Illuminate\\Bus\\{closure}(Object(Illuminate\\Mail\\SendQueuedMailable))\n#20 C:\\xampp\\htdocs\\crmlaravel\\vendor\\laravel\\framework\\src\\Illuminate\\Pipeline\\Pipeline.php(103): Illuminate\\Pipeline\\Pipeline->Illuminate\\Pipeline\\{closure}(Object(Illuminate\\Mail\\SendQueuedMailable))\n#21 C:\\xampp\\htdocs\\crmlaravel\\vendor\\laravel\\framework\\src\\Illuminate\\Bus\\Dispatcher.php(132): Illuminate\\Pipeline\\Pipeline->then(Object(Closure))\n#22 C:\\xampp\\htdocs\\crmlaravel\\vendor\\laravel\\framework\\src\\Illuminate\\Queue\\CallQueuedHandler.php(120): Illuminate\\Bus\\Dispatcher->dispatchNow(Object(Illuminate\\Mail\\SendQueuedMailable), false)\n#23 C:\\xampp\\htdocs\\crmlaravel\\vendor\\laravel\\framework\\src\\Illuminate\\Pipeline\\Pipeline.php(128): Illuminate\\Queue\\CallQueuedHandler->Illuminate\\Queue\\{closure}(Object(Illuminate\\Mail\\SendQueuedMailable))\n#24 C:\\xampp\\htdocs\\crmlaravel\\vendor\\laravel\\framework\\src\\Illuminate\\Pipeline\\Pipeline.php(103): Illuminate\\Pipeline\\Pipeline->Illuminate\\Pipeline\\{closure}(Object(Illuminate\\Mail\\SendQueuedMailable))\n#25 C:\\xampp\\htdocs\\crmlaravel\\vendor\\laravel\\framework\\src\\Illuminate\\Queue\\CallQueuedHandler.php(122): Illuminate\\Pipeline\\Pipeline->then(Object(Closure))\n#26 C:\\xampp\\htdocs\\crmlaravel\\vendor\\laravel\\framework\\src\\Illuminate\\Queue\\CallQueuedHandler.php(70): Illuminate\\Queue\\CallQueuedHandler->dispatchThroughMiddleware(Object(Illuminate\\Queue\\Jobs\\DatabaseJob), Object(Illuminate\\Mail\\SendQueuedMailable))\n#27 C:\\xampp\\htdocs\\crmlaravel\\vendor\\laravel\\framework\\src\\Illuminate\\Queue\\Jobs\\Job.php(98): Illuminate\\Queue\\CallQueuedHandler->call(Object(Illuminate\\Queue\\Jobs\\DatabaseJob), Array)\n#28 C:\\xampp\\htdocs\\crmlaravel\\vendor\\laravel\\framework\\src\\Illuminate\\Queue\\Worker.php(428): Illuminate\\Queue\\Jobs\\Job->fire()\n#29 C:\\xampp\\htdocs\\crmlaravel\\vendor\\laravel\\framework\\src\\Illuminate\\Queue\\Worker.php(378): Illuminate\\Queue\\Worker->process(\'database\', Object(Illuminate\\Queue\\Jobs\\DatabaseJob), Object(Illuminate\\Queue\\WorkerOptions))\n#30 C:\\xampp\\htdocs\\crmlaravel\\vendor\\laravel\\framework\\src\\Illuminate\\Queue\\Worker.php(329): Illuminate\\Queue\\Worker->runJob(Object(Illuminate\\Queue\\Jobs\\DatabaseJob), \'database\', Object(Illuminate\\Queue\\WorkerOptions))\n#31 C:\\xampp\\htdocs\\crmlaravel\\vendor\\laravel\\framework\\src\\Illuminate\\Queue\\Console\\WorkCommand.php(117): Illuminate\\Queue\\Worker->runNextJob(\'database\', \'default\', Object(Illuminate\\Queue\\WorkerOptions))\n#32 C:\\xampp\\htdocs\\crmlaravel\\vendor\\laravel\\framework\\src\\Illuminate\\Queue\\Console\\WorkCommand.php(101): Illuminate\\Queue\\Console\\WorkCommand->runWorker(\'database\', \'default\')\n#33 C:\\xampp\\htdocs\\crmlaravel\\vendor\\laravel\\framework\\src\\Illuminate\\Container\\BoundMethod.php(36): Illuminate\\Queue\\Console\\WorkCommand->handle()\n#34 C:\\xampp\\htdocs\\crmlaravel\\vendor\\laravel\\framework\\src\\Illuminate\\Container\\Util.php(40): Illuminate\\Container\\BoundMethod::Illuminate\\Container\\{closure}()\n#35 C:\\xampp\\htdocs\\crmlaravel\\vendor\\laravel\\framework\\src\\Illuminate\\Container\\BoundMethod.php(93): Illuminate\\Container\\Util::unwrapIfClosure(Object(Closure))\n#36 C:\\xampp\\htdocs\\crmlaravel\\vendor\\laravel\\framework\\src\\Illuminate\\Container\\BoundMethod.php(37): Illuminate\\Container\\BoundMethod::callBoundMethod(Object(Illuminate\\Foundation\\Application), Array, Object(Closure))\n#37 C:\\xampp\\htdocs\\crmlaravel\\vendor\\laravel\\framework\\src\\Illuminate\\Container\\Container.php(653): Illuminate\\Container\\BoundMethod::call(Object(Illuminate\\Foundation\\Application), Array, Array, NULL)\n#38 C:\\xampp\\htdocs\\crmlaravel\\vendor\\laravel\\framework\\src\\Illuminate\\Console\\Command.php(136): Illuminate\\Container\\Container->call(Array)\n#39 C:\\xampp\\htdocs\\crmlaravel\\vendor\\symfony\\console\\Command\\Command.php(298): Illuminate\\Console\\Command->execute(Object(Symfony\\Component\\Console\\Input\\ArgvInput), Object(Illuminate\\Console\\OutputStyle))\n#40 C:\\xampp\\htdocs\\crmlaravel\\vendor\\laravel\\framework\\src\\Illuminate\\Console\\Command.php(121): Symfony\\Component\\Console\\Command\\Command->run(Object(Symfony\\Component\\Console\\Input\\ArgvInput), Object(Illuminate\\Console\\OutputStyle))\n#41 C:\\xampp\\htdocs\\crmlaravel\\vendor\\symfony\\console\\Application.php(1015): Illuminate\\Console\\Command->run(Object(Symfony\\Component\\Console\\Input\\ArgvInput), Object(Symfony\\Component\\Console\\Output\\ConsoleOutput))\n#42 C:\\xampp\\htdocs\\crmlaravel\\vendor\\symfony\\console\\Application.php(299): Symfony\\Component\\Console\\Application->doRunCommand(Object(Illuminate\\Queue\\Console\\WorkCommand), Object(Symfony\\Component\\Console\\Input\\ArgvInput), Object(Symfony\\Component\\Console\\Output\\ConsoleOutput))\n#43 C:\\xampp\\htdocs\\crmlaravel\\vendor\\symfony\\console\\Application.php(171): Symfony\\Component\\Console\\Application->doRun(Object(Symfony\\Component\\Console\\Input\\ArgvInput), Object(Symfony\\Component\\Console\\Output\\ConsoleOutput))\n#44 C:\\xampp\\htdocs\\crmlaravel\\vendor\\laravel\\framework\\src\\Illuminate\\Console\\Application.php(94): Symfony\\Component\\Console\\Application->run(Object(Symfony\\Component\\Console\\Input\\ArgvInput), Object(Symfony\\Component\\Console\\Output\\ConsoleOutput))\n#45 C:\\xampp\\htdocs\\crmlaravel\\vendor\\laravel\\framework\\src\\Illuminate\\Foundation\\Console\\Kernel.php(129): Illuminate\\Console\\Application->run(Object(Symfony\\Component\\Console\\Input\\ArgvInput), Object(Symfony\\Component\\Console\\Output\\ConsoleOutput))\n#46 C:\\xampp\\htdocs\\crmlaravel\\artisan(37): Illuminate\\Foundation\\Console\\Kernel->handle(Object(Symfony\\Component\\Console\\Input\\ArgvInput), Object(Symfony\\Component\\Console\\Output\\ConsoleOutput))\n#47 {main}', '2022-03-02 07:33:03');
INSERT INTO `failed_jobs` (`id`, `uuid`, `connection`, `queue`, `payload`, `exception`, `failed_at`) VALUES
(7, 'a48f88dc-a490-4c85-8e14-c8f63849e2be', 'database', 'default', '{\"uuid\":\"a48f88dc-a490-4c85-8e14-c8f63849e2be\",\"displayName\":\"App\\\\Mail\\\\SendMail\",\"job\":\"Illuminate\\\\Queue\\\\CallQueuedHandler@call\",\"maxTries\":null,\"maxExceptions\":null,\"failOnTimeout\":false,\"backoff\":null,\"timeout\":null,\"retryUntil\":null,\"data\":{\"commandName\":\"Illuminate\\\\Mail\\\\SendQueuedMailable\",\"command\":\"O:34:\\\"Illuminate\\\\Mail\\\\SendQueuedMailable\\\":13:{s:8:\\\"mailable\\\";O:17:\\\"App\\\\Mail\\\\SendMail\\\":29:{s:26:\\\"\\u0000App\\\\Mail\\\\SendMail\\u0000details\\\";a:2:{s:5:\\\"email\\\";s:15:\\\"user2@gmail.com\\\";s:16:\\\"template_content\\\";s:1404:\\\"<p style=\\\"text-align: left;\\\"><img src=\\\"https:\\/\\/coderzvisiontech.com\\/wp-content\\/uploads\\/2021\\/06\\/Logo@2x-e1623259703142.png\\\" width=\\\"229\\\" height=\\\"63\\\" \\/>&nbsp;<\\/p>\\r\\n<p style=\\\"text-align: left;\\\">Hi &nbsp;<em>User2 &nbsp;<em>987654324<\\/em><\\/em><\\/p>\\r\\n<p style=\\\"text-align: center;\\\">Employee Details<\\/p>\\r\\n<table style=\\\"border-collapse: collapse; width: 91.7985%; height: 188px;\\\" border=\\\"1\\\">\\r\\n<tbody>\\r\\n<tr style=\\\"height: 47px;\\\">\\r\\n<td style=\\\"width: 33.3333%; height: 47px;\\\"><span style=\\\"background-color: #b96ad9;\\\">id<\\/span><\\/td>\\r\\n<td style=\\\"width: 33.3333%; height: 47px;\\\"><span style=\\\"background-color: #e03e2d;\\\">name<\\/span><\\/td>\\r\\n<td style=\\\"width: 33.2016%; height: 47px;\\\"><span style=\\\"background-color: #e03e2d;\\\">description<\\/span><\\/td>\\r\\n<\\/tr>\\r\\n<tr style=\\\"height: 47px;\\\">\\r\\n<td style=\\\"width: 33.3333%; height: 47px;\\\">1<\\/td>\\r\\n<td style=\\\"width: 33.3333%; height: 47px;\\\">karthik1<\\/td>\\r\\n<td style=\\\"width: 33.2016%; height: 47px;\\\">karthik<\\/td>\\r\\n<\\/tr>\\r\\n<tr style=\\\"height: 47px;\\\">\\r\\n<td style=\\\"width: 33.3333%; height: 47px;\\\">2<\\/td>\\r\\n<td style=\\\"width: 33.3333%; height: 47px;\\\">ram<\\/td>\\r\\n<td style=\\\"width: 33.2016%; height: 47px;\\\">ram<\\/td>\\r\\n<\\/tr>\\r\\n<tr style=\\\"height: 47px;\\\">\\r\\n<td style=\\\"width: 33.3333%; height: 47px;\\\">3<\\/td>\\r\\n<td style=\\\"width: 33.3333%; height: 47px;\\\">lp<\\/td>\\r\\n<td style=\\\"width: 33.2016%; height: 47px;\\\">new<\\/td>\\r\\n<\\/tr>\\r\\n<\\/tbody>\\r\\n<\\/table>\\r\\n<p>Hi, this is test content &nbsp;<em>987654324<\\/em>.....<\\/p>\\\";}s:6:\\\"locale\\\";N;s:4:\\\"from\\\";a:0:{}s:2:\\\"to\\\";a:1:{i:0;a:2:{s:4:\\\"name\\\";N;s:7:\\\"address\\\";s:15:\\\"user2@gmail.com\\\";}}s:2:\\\"cc\\\";a:0:{}s:3:\\\"bcc\\\";a:0:{}s:7:\\\"replyTo\\\";a:0:{}s:7:\\\"subject\\\";N;s:8:\\\"markdown\\\";N;s:7:\\\"\\u0000*\\u0000html\\\";N;s:4:\\\"view\\\";N;s:8:\\\"textView\\\";N;s:8:\\\"viewData\\\";a:0:{}s:11:\\\"attachments\\\";a:0:{}s:14:\\\"rawAttachments\\\";a:0:{}s:15:\\\"diskAttachments\\\";a:0:{}s:9:\\\"callbacks\\\";a:0:{}s:5:\\\"theme\\\";N;s:6:\\\"mailer\\\";s:4:\\\"smtp\\\";s:29:\\\"\\u0000*\\u0000assertionableRenderStrings\\\";N;s:10:\\\"connection\\\";N;s:5:\\\"queue\\\";N;s:15:\\\"chainConnection\\\";N;s:10:\\\"chainQueue\\\";N;s:19:\\\"chainCatchCallbacks\\\";N;s:5:\\\"delay\\\";N;s:11:\\\"afterCommit\\\";N;s:10:\\\"middleware\\\";a:0:{}s:7:\\\"chained\\\";a:0:{}}s:5:\\\"tries\\\";N;s:7:\\\"timeout\\\";N;s:17:\\\"shouldBeEncrypted\\\";b:0;s:10:\\\"connection\\\";N;s:5:\\\"queue\\\";N;s:15:\\\"chainConnection\\\";N;s:10:\\\"chainQueue\\\";N;s:19:\\\"chainCatchCallbacks\\\";N;s:5:\\\"delay\\\";N;s:11:\\\"afterCommit\\\";N;s:10:\\\"middleware\\\";a:0:{}s:7:\\\"chained\\\";a:0:{}}\"}}', 'Swift_TransportException: Expected response code 354 but got code \"421\", with message \"421 Domain sandboxf9cdf983efab401cbea5bf849227240e.mailgun.org is not allowed to send: Sandbox subdomains are for test purposes only. Please add your own domain or add the address to authorized recipients in Account Settings.\r\n\" in C:\\xampp\\htdocs\\crmlaravel\\vendor\\swiftmailer\\swiftmailer\\lib\\classes\\Swift\\Transport\\AbstractSmtpTransport.php:459\nStack trace:\n#0 C:\\xampp\\htdocs\\crmlaravel\\vendor\\swiftmailer\\swiftmailer\\lib\\classes\\Swift\\Transport\\AbstractSmtpTransport.php(344): Swift_Transport_AbstractSmtpTransport->assertResponseCode(\'421 Domain sand...\', Array)\n#1 C:\\xampp\\htdocs\\crmlaravel\\vendor\\swiftmailer\\swiftmailer\\lib\\classes\\Swift\\Transport\\EsmtpTransport.php(305): Swift_Transport_AbstractSmtpTransport->executeCommand(\'DATA\\r\\n\', Array, Array, false, NULL)\n#2 C:\\xampp\\htdocs\\crmlaravel\\vendor\\swiftmailer\\swiftmailer\\lib\\classes\\Swift\\Transport\\AbstractSmtpTransport.php(392): Swift_Transport_EsmtpTransport->executeCommand(\'DATA\\r\\n\', Array, Array)\n#3 C:\\xampp\\htdocs\\crmlaravel\\vendor\\swiftmailer\\swiftmailer\\lib\\classes\\Swift\\Transport\\AbstractSmtpTransport.php(499): Swift_Transport_AbstractSmtpTransport->doDataCommand(Array)\n#4 C:\\xampp\\htdocs\\crmlaravel\\vendor\\swiftmailer\\swiftmailer\\lib\\classes\\Swift\\Transport\\AbstractSmtpTransport.php(518): Swift_Transport_AbstractSmtpTransport->doMailTransaction(Object(Swift_Message), \'karthik@coderzv...\', Array, Array)\n#5 C:\\xampp\\htdocs\\crmlaravel\\vendor\\swiftmailer\\swiftmailer\\lib\\classes\\Swift\\Transport\\AbstractSmtpTransport.php(206): Swift_Transport_AbstractSmtpTransport->sendTo(Object(Swift_Message), \'karthik@coderzv...\', Array, Array)\n#6 C:\\xampp\\htdocs\\crmlaravel\\vendor\\swiftmailer\\swiftmailer\\lib\\classes\\Swift\\Mailer.php(71): Swift_Transport_AbstractSmtpTransport->send(Object(Swift_Message), Array)\n#7 C:\\xampp\\htdocs\\crmlaravel\\vendor\\laravel\\framework\\src\\Illuminate\\Mail\\Mailer.php(521): Swift_Mailer->send(Object(Swift_Message), Array)\n#8 C:\\xampp\\htdocs\\crmlaravel\\vendor\\laravel\\framework\\src\\Illuminate\\Mail\\Mailer.php(288): Illuminate\\Mail\\Mailer->sendSwiftMessage(Object(Swift_Message))\n#9 C:\\xampp\\htdocs\\crmlaravel\\vendor\\laravel\\framework\\src\\Illuminate\\Mail\\Mailable.php(187): Illuminate\\Mail\\Mailer->send(Object(Illuminate\\Support\\HtmlString), Array, Object(Closure))\n#10 C:\\xampp\\htdocs\\crmlaravel\\vendor\\laravel\\framework\\src\\Illuminate\\Support\\Traits\\Localizable.php(19): Illuminate\\Mail\\Mailable->Illuminate\\Mail\\{closure}()\n#11 C:\\xampp\\htdocs\\crmlaravel\\vendor\\laravel\\framework\\src\\Illuminate\\Mail\\Mailable.php(188): Illuminate\\Mail\\Mailable->withLocale(NULL, Object(Closure))\n#12 C:\\xampp\\htdocs\\crmlaravel\\vendor\\laravel\\framework\\src\\Illuminate\\Mail\\SendQueuedMailable.php(65): Illuminate\\Mail\\Mailable->send(Object(Illuminate\\Mail\\MailManager))\n#13 C:\\xampp\\htdocs\\crmlaravel\\vendor\\laravel\\framework\\src\\Illuminate\\Container\\BoundMethod.php(36): Illuminate\\Mail\\SendQueuedMailable->handle(Object(Illuminate\\Mail\\MailManager))\n#14 C:\\xampp\\htdocs\\crmlaravel\\vendor\\laravel\\framework\\src\\Illuminate\\Container\\Util.php(40): Illuminate\\Container\\BoundMethod::Illuminate\\Container\\{closure}()\n#15 C:\\xampp\\htdocs\\crmlaravel\\vendor\\laravel\\framework\\src\\Illuminate\\Container\\BoundMethod.php(93): Illuminate\\Container\\Util::unwrapIfClosure(Object(Closure))\n#16 C:\\xampp\\htdocs\\crmlaravel\\vendor\\laravel\\framework\\src\\Illuminate\\Container\\BoundMethod.php(37): Illuminate\\Container\\BoundMethod::callBoundMethod(Object(Illuminate\\Foundation\\Application), Array, Object(Closure))\n#17 C:\\xampp\\htdocs\\crmlaravel\\vendor\\laravel\\framework\\src\\Illuminate\\Container\\Container.php(653): Illuminate\\Container\\BoundMethod::call(Object(Illuminate\\Foundation\\Application), Array, Array, NULL)\n#18 C:\\xampp\\htdocs\\crmlaravel\\vendor\\laravel\\framework\\src\\Illuminate\\Bus\\Dispatcher.php(128): Illuminate\\Container\\Container->call(Array)\n#19 C:\\xampp\\htdocs\\crmlaravel\\vendor\\laravel\\framework\\src\\Illuminate\\Pipeline\\Pipeline.php(128): Illuminate\\Bus\\Dispatcher->Illuminate\\Bus\\{closure}(Object(Illuminate\\Mail\\SendQueuedMailable))\n#20 C:\\xampp\\htdocs\\crmlaravel\\vendor\\laravel\\framework\\src\\Illuminate\\Pipeline\\Pipeline.php(103): Illuminate\\Pipeline\\Pipeline->Illuminate\\Pipeline\\{closure}(Object(Illuminate\\Mail\\SendQueuedMailable))\n#21 C:\\xampp\\htdocs\\crmlaravel\\vendor\\laravel\\framework\\src\\Illuminate\\Bus\\Dispatcher.php(132): Illuminate\\Pipeline\\Pipeline->then(Object(Closure))\n#22 C:\\xampp\\htdocs\\crmlaravel\\vendor\\laravel\\framework\\src\\Illuminate\\Queue\\CallQueuedHandler.php(120): Illuminate\\Bus\\Dispatcher->dispatchNow(Object(Illuminate\\Mail\\SendQueuedMailable), false)\n#23 C:\\xampp\\htdocs\\crmlaravel\\vendor\\laravel\\framework\\src\\Illuminate\\Pipeline\\Pipeline.php(128): Illuminate\\Queue\\CallQueuedHandler->Illuminate\\Queue\\{closure}(Object(Illuminate\\Mail\\SendQueuedMailable))\n#24 C:\\xampp\\htdocs\\crmlaravel\\vendor\\laravel\\framework\\src\\Illuminate\\Pipeline\\Pipeline.php(103): Illuminate\\Pipeline\\Pipeline->Illuminate\\Pipeline\\{closure}(Object(Illuminate\\Mail\\SendQueuedMailable))\n#25 C:\\xampp\\htdocs\\crmlaravel\\vendor\\laravel\\framework\\src\\Illuminate\\Queue\\CallQueuedHandler.php(122): Illuminate\\Pipeline\\Pipeline->then(Object(Closure))\n#26 C:\\xampp\\htdocs\\crmlaravel\\vendor\\laravel\\framework\\src\\Illuminate\\Queue\\CallQueuedHandler.php(70): Illuminate\\Queue\\CallQueuedHandler->dispatchThroughMiddleware(Object(Illuminate\\Queue\\Jobs\\DatabaseJob), Object(Illuminate\\Mail\\SendQueuedMailable))\n#27 C:\\xampp\\htdocs\\crmlaravel\\vendor\\laravel\\framework\\src\\Illuminate\\Queue\\Jobs\\Job.php(98): Illuminate\\Queue\\CallQueuedHandler->call(Object(Illuminate\\Queue\\Jobs\\DatabaseJob), Array)\n#28 C:\\xampp\\htdocs\\crmlaravel\\vendor\\laravel\\framework\\src\\Illuminate\\Queue\\Worker.php(428): Illuminate\\Queue\\Jobs\\Job->fire()\n#29 C:\\xampp\\htdocs\\crmlaravel\\vendor\\laravel\\framework\\src\\Illuminate\\Queue\\Worker.php(378): Illuminate\\Queue\\Worker->process(\'database\', Object(Illuminate\\Queue\\Jobs\\DatabaseJob), Object(Illuminate\\Queue\\WorkerOptions))\n#30 C:\\xampp\\htdocs\\crmlaravel\\vendor\\laravel\\framework\\src\\Illuminate\\Queue\\Worker.php(329): Illuminate\\Queue\\Worker->runJob(Object(Illuminate\\Queue\\Jobs\\DatabaseJob), \'database\', Object(Illuminate\\Queue\\WorkerOptions))\n#31 C:\\xampp\\htdocs\\crmlaravel\\vendor\\laravel\\framework\\src\\Illuminate\\Queue\\Console\\WorkCommand.php(117): Illuminate\\Queue\\Worker->runNextJob(\'database\', \'default\', Object(Illuminate\\Queue\\WorkerOptions))\n#32 C:\\xampp\\htdocs\\crmlaravel\\vendor\\laravel\\framework\\src\\Illuminate\\Queue\\Console\\WorkCommand.php(101): Illuminate\\Queue\\Console\\WorkCommand->runWorker(\'database\', \'default\')\n#33 C:\\xampp\\htdocs\\crmlaravel\\vendor\\laravel\\framework\\src\\Illuminate\\Container\\BoundMethod.php(36): Illuminate\\Queue\\Console\\WorkCommand->handle()\n#34 C:\\xampp\\htdocs\\crmlaravel\\vendor\\laravel\\framework\\src\\Illuminate\\Container\\Util.php(40): Illuminate\\Container\\BoundMethod::Illuminate\\Container\\{closure}()\n#35 C:\\xampp\\htdocs\\crmlaravel\\vendor\\laravel\\framework\\src\\Illuminate\\Container\\BoundMethod.php(93): Illuminate\\Container\\Util::unwrapIfClosure(Object(Closure))\n#36 C:\\xampp\\htdocs\\crmlaravel\\vendor\\laravel\\framework\\src\\Illuminate\\Container\\BoundMethod.php(37): Illuminate\\Container\\BoundMethod::callBoundMethod(Object(Illuminate\\Foundation\\Application), Array, Object(Closure))\n#37 C:\\xampp\\htdocs\\crmlaravel\\vendor\\laravel\\framework\\src\\Illuminate\\Container\\Container.php(653): Illuminate\\Container\\BoundMethod::call(Object(Illuminate\\Foundation\\Application), Array, Array, NULL)\n#38 C:\\xampp\\htdocs\\crmlaravel\\vendor\\laravel\\framework\\src\\Illuminate\\Console\\Command.php(136): Illuminate\\Container\\Container->call(Array)\n#39 C:\\xampp\\htdocs\\crmlaravel\\vendor\\symfony\\console\\Command\\Command.php(298): Illuminate\\Console\\Command->execute(Object(Symfony\\Component\\Console\\Input\\ArgvInput), Object(Illuminate\\Console\\OutputStyle))\n#40 C:\\xampp\\htdocs\\crmlaravel\\vendor\\laravel\\framework\\src\\Illuminate\\Console\\Command.php(121): Symfony\\Component\\Console\\Command\\Command->run(Object(Symfony\\Component\\Console\\Input\\ArgvInput), Object(Illuminate\\Console\\OutputStyle))\n#41 C:\\xampp\\htdocs\\crmlaravel\\vendor\\symfony\\console\\Application.php(1015): Illuminate\\Console\\Command->run(Object(Symfony\\Component\\Console\\Input\\ArgvInput), Object(Symfony\\Component\\Console\\Output\\ConsoleOutput))\n#42 C:\\xampp\\htdocs\\crmlaravel\\vendor\\symfony\\console\\Application.php(299): Symfony\\Component\\Console\\Application->doRunCommand(Object(Illuminate\\Queue\\Console\\WorkCommand), Object(Symfony\\Component\\Console\\Input\\ArgvInput), Object(Symfony\\Component\\Console\\Output\\ConsoleOutput))\n#43 C:\\xampp\\htdocs\\crmlaravel\\vendor\\symfony\\console\\Application.php(171): Symfony\\Component\\Console\\Application->doRun(Object(Symfony\\Component\\Console\\Input\\ArgvInput), Object(Symfony\\Component\\Console\\Output\\ConsoleOutput))\n#44 C:\\xampp\\htdocs\\crmlaravel\\vendor\\laravel\\framework\\src\\Illuminate\\Console\\Application.php(94): Symfony\\Component\\Console\\Application->run(Object(Symfony\\Component\\Console\\Input\\ArgvInput), Object(Symfony\\Component\\Console\\Output\\ConsoleOutput))\n#45 C:\\xampp\\htdocs\\crmlaravel\\vendor\\laravel\\framework\\src\\Illuminate\\Foundation\\Console\\Kernel.php(129): Illuminate\\Console\\Application->run(Object(Symfony\\Component\\Console\\Input\\ArgvInput), Object(Symfony\\Component\\Console\\Output\\ConsoleOutput))\n#46 C:\\xampp\\htdocs\\crmlaravel\\artisan(37): Illuminate\\Foundation\\Console\\Kernel->handle(Object(Symfony\\Component\\Console\\Input\\ArgvInput), Object(Symfony\\Component\\Console\\Output\\ConsoleOutput))\n#47 {main}', '2022-03-02 07:33:14');

-- --------------------------------------------------------

--
-- Table structure for table `jobs`
--

CREATE TABLE `jobs` (
  `id` bigint(20) UNSIGNED NOT NULL,
  `queue` varchar(255) COLLATE utf8mb4_unicode_ci NOT NULL,
  `payload` longtext COLLATE utf8mb4_unicode_ci NOT NULL,
  `attempts` tinyint(3) UNSIGNED NOT NULL,
  `reserved_at` int(10) UNSIGNED DEFAULT NULL,
  `available_at` int(10) UNSIGNED NOT NULL,
  `created_at` int(10) UNSIGNED NOT NULL
) ENGINE=InnoDB DEFAULT CHARSET=utf8mb4 COLLATE=utf8mb4_unicode_ci;

-- --------------------------------------------------------

--
-- Table structure for table `migrations`
--

CREATE TABLE `migrations` (
  `id` int(10) UNSIGNED NOT NULL,
  `migration` varchar(255) COLLATE utf8mb4_unicode_ci NOT NULL,
  `batch` int(11) NOT NULL
) ENGINE=InnoDB DEFAULT CHARSET=utf8mb4 COLLATE=utf8mb4_unicode_ci;

--
-- Dumping data for table `migrations`
--

INSERT INTO `migrations` (`id`, `migration`, `batch`) VALUES
(1, '2014_10_12_000000_create_users_table1', 1),
(2, '2014_10_12_100000_create_password_resets_table', 1),
(3, '2019_08_19_000000_create_failed_jobs_table', 1),
(4, '2019_12_14_000001_create_personal_access_tokens_table', 1),
(7, '2022_01_31_091505_create_contacts_table', 3),
(8, '2022_01_31_094859_create_audits_table', 4),
(9, '2022_02_03_045029_create_organizations_table', 5),
(10, '2014_10_12_000000_create_users_table', 6),
(11, '2022_02_07_085701_create_segments_table', 7),
(12, '2022_02_08_053520_create_contact_segment_table', 8),
(13, '2022_02_15_085449_create_categories_table', 9),
(14, '2022_02_16_050007_create_campaign_table', 10),
(16, '2022_02_16_050828_create_campaign_detail_table', 11),
(17, '2022_03_02_111903_create_jobs_table', 12);

-- --------------------------------------------------------

--
-- Table structure for table `organizations`
--

CREATE TABLE `organizations` (
  `id` bigint(20) UNSIGNED NOT NULL,
  `name` varchar(100) COLLATE utf8mb4_unicode_ci NOT NULL,
  `address` text COLLATE utf8mb4_unicode_ci NOT NULL,
  `country_id` int(11) DEFAULT NULL,
  `state` varchar(50) COLLATE utf8mb4_unicode_ci NOT NULL,
  `city` varchar(50) COLLATE utf8mb4_unicode_ci DEFAULT NULL,
  `postalcode` varchar(255) COLLATE utf8mb4_unicode_ci DEFAULT NULL,
  `status` varchar(11) COLLATE utf8mb4_unicode_ci NOT NULL DEFAULT 'active',
  `created_by` bigint(20) DEFAULT NULL,
  `updated_by` bigint(20) DEFAULT NULL,
  `deleted_by` bigint(20) DEFAULT NULL,
  `created_at` timestamp NULL DEFAULT NULL,
  `updated_at` timestamp NULL DEFAULT NULL,
  `deleted_at` timestamp NULL DEFAULT NULL
) ENGINE=InnoDB DEFAULT CHARSET=utf8mb4 COLLATE=utf8mb4_unicode_ci;

--
-- Dumping data for table `organizations`
--

INSERT INTO `organizations` (`id`, `name`, `address`, `country_id`, `state`, `city`, `postalcode`, `status`, `created_by`, `updated_by`, `deleted_by`, `created_at`, `updated_at`, `deleted_at`) VALUES
(1, 'Coderz', 'Annanagar', 106, 'Tn', 'Chennai', '600026', 'active', 1, 1, NULL, '2022-02-18 13:47:42', '2022-02-18 13:48:03', NULL),
(2, 'Vishak', 'Annanagar', 106, 'Tn', 'Chennai', '600026', 'active', 1, 1, NULL, '2022-02-18 13:47:42', '2022-02-18 13:48:14', NULL),
(3, 'Lp tech', '1, OMR,', 106, 'TamilNadu', 'Chennai', '600025', 'active', 1, NULL, NULL, '2022-02-18 13:51:41', '2022-02-18 13:51:41', NULL),
(4, 'Coderz vision', 'N01, annnanagar1', 106, 'TamilNadu', 'Chennai', '600026', 'active', 1, 1, NULL, '2022-02-19 02:03:31', '2022-02-19 02:04:27', NULL),
(5, 'Test14222', 'Annanagar', 106, 'Tn', 'Chennai', '600026', 'active', 1, NULL, NULL, '2022-02-19 02:05:51', '2022-02-19 02:05:51', NULL),
(6, 'Test1122', 'Annanagar', 106, 'Tn', 'Chennai', '600026', 'active', 1, NULL, NULL, '2022-02-19 02:05:51', '2022-02-19 02:06:19', NULL);

-- --------------------------------------------------------

--
-- Table structure for table `password_resets`
--

CREATE TABLE `password_resets` (
  `email` varchar(255) COLLATE utf8mb4_unicode_ci NOT NULL,
  `token` varchar(255) COLLATE utf8mb4_unicode_ci NOT NULL,
  `created_at` timestamp NULL DEFAULT NULL
) ENGINE=InnoDB DEFAULT CHARSET=utf8mb4 COLLATE=utf8mb4_unicode_ci;

-- --------------------------------------------------------

--
-- Table structure for table `personal_access_tokens`
--

CREATE TABLE `personal_access_tokens` (
  `id` bigint(20) UNSIGNED NOT NULL,
  `tokenable_type` varchar(255) COLLATE utf8mb4_unicode_ci NOT NULL,
  `tokenable_id` bigint(20) UNSIGNED NOT NULL,
  `name` varchar(255) COLLATE utf8mb4_unicode_ci NOT NULL,
  `token` varchar(64) COLLATE utf8mb4_unicode_ci NOT NULL,
  `abilities` text COLLATE utf8mb4_unicode_ci DEFAULT NULL,
  `last_used_at` timestamp NULL DEFAULT NULL,
  `created_at` timestamp NULL DEFAULT NULL,
  `updated_at` timestamp NULL DEFAULT NULL
) ENGINE=InnoDB DEFAULT CHARSET=utf8mb4 COLLATE=utf8mb4_unicode_ci;

-- --------------------------------------------------------

--
-- Table structure for table `segments`
--

CREATE TABLE `segments` (
  `id` bigint(20) UNSIGNED NOT NULL,
  `name` varchar(100) COLLATE utf8mb4_unicode_ci NOT NULL,
  `description` text COLLATE utf8mb4_unicode_ci NOT NULL,
  `status` varchar(11) COLLATE utf8mb4_unicode_ci NOT NULL DEFAULT 'active',
  `created_by` bigint(20) DEFAULT NULL,
  `updated_by` bigint(20) DEFAULT NULL,
  `deleted_by` bigint(20) DEFAULT NULL,
  `created_at` timestamp NULL DEFAULT NULL,
  `updated_at` timestamp NULL DEFAULT NULL,
  `deleted_at` timestamp NULL DEFAULT NULL
) ENGINE=InnoDB DEFAULT CHARSET=utf8mb4 COLLATE=utf8mb4_unicode_ci;

--
-- Dumping data for table `segments`
--

INSERT INTO `segments` (`id`, `name`, `description`, `status`, `created_by`, `updated_by`, `deleted_by`, `created_at`, `updated_at`, `deleted_at`) VALUES
(1, 'segment1', 'This is the first segment.', 'active', 1, 1, NULL, '2022-02-18 13:52:28', '2022-02-18 13:52:51', NULL),
(2, 'segment2', 'This is the second segment.', 'active', 1, 1, NULL, '2022-02-18 13:52:57', '2022-02-18 13:53:20', NULL),
(3, 'segmentnew', 'segmentnew', 'active', 1, 1, NULL, '2022-02-19 02:11:02', '2022-02-19 02:11:22', NULL),
(4, 'segmentseo', 'segmentnew', 'active', 1, 1, NULL, '2022-02-19 02:11:51', '2022-02-19 02:12:15', NULL),
(5, 'Test', 'test', 'active', 1, NULL, NULL, '2022-02-22 13:21:44', '2022-02-22 13:21:44', NULL),
(6, 'Copy_segmentseo', 'segmentnew', 'active', 1, 1, NULL, '2022-02-22 13:41:42', '2022-02-22 13:41:42', NULL);

-- --------------------------------------------------------

--
-- Table structure for table `users`
--

CREATE TABLE `users` (
  `id` bigint(20) UNSIGNED NOT NULL,
  `name` varchar(255) COLLATE utf8mb4_unicode_ci NOT NULL,
  `email` varchar(255) COLLATE utf8mb4_unicode_ci NOT NULL,
  `email_verified_at` timestamp NULL DEFAULT NULL,
  `password` varchar(255) COLLATE utf8mb4_unicode_ci NOT NULL,
  `status` tinyint(4) NOT NULL DEFAULT 0,
  `view_permission` varchar(255) COLLATE utf8mb4_unicode_ci NOT NULL DEFAULT 'global',
  `role_id` int(11) NOT NULL,
  `remember_token` varchar(100) COLLATE utf8mb4_unicode_ci DEFAULT NULL,
  `created_at` timestamp NULL DEFAULT NULL,
  `updated_at` timestamp NULL DEFAULT NULL
) ENGINE=InnoDB DEFAULT CHARSET=utf8mb4 COLLATE=utf8mb4_unicode_ci;

--
-- Dumping data for table `users`
--

INSERT INTO `users` (`id`, `name`, `email`, `email_verified_at`, `password`, `status`, `view_permission`, `role_id`, `remember_token`, `created_at`, `updated_at`) VALUES
(1, 'Admin', 'admin@coderzvision.com', NULL, '$2y$10$xqD3uxBu98gQobC6xCPgo..WmVUW6Mqoa.e15HAkX6a5g.gXBFkmi', 1, 'global', 1, NULL, '2022-02-03 12:12:17', NULL);

--
-- Indexes for dumped tables
--

--
-- Indexes for table `audits`
--
ALTER TABLE `audits`
  ADD PRIMARY KEY (`id`),
  ADD KEY `audits_auditable_type_auditable_id_index` (`auditable_type`,`auditable_id`),
  ADD KEY `audits_user_id_user_type_index` (`user_id`,`user_type`);

--
-- Indexes for table `campaigns`
--
ALTER TABLE `campaigns`
  ADD PRIMARY KEY (`id`),
  ADD UNIQUE KEY `campaigns_name_unique` (`name`);

--
-- Indexes for table `campaign_details`
--
ALTER TABLE `campaign_details`
  ADD PRIMARY KEY (`id`);

--
-- Indexes for table `categories`
--
ALTER TABLE `categories`
  ADD PRIMARY KEY (`id`),
  ADD UNIQUE KEY `categories_name_unique` (`name`);

--
-- Indexes for table `contacts`
--
ALTER TABLE `contacts`
  ADD PRIMARY KEY (`id`),
  ADD UNIQUE KEY `contacts_email_unique` (`email`),
  ADD UNIQUE KEY `contacts_mobile_unique` (`phone`);

--
-- Indexes for table `contact_segment`
--
ALTER TABLE `contact_segment`
  ADD PRIMARY KEY (`id`);

--
-- Indexes for table `failed_jobs`
--
ALTER TABLE `failed_jobs`
  ADD PRIMARY KEY (`id`),
  ADD UNIQUE KEY `failed_jobs_uuid_unique` (`uuid`);

--
-- Indexes for table `jobs`
--
ALTER TABLE `jobs`
  ADD PRIMARY KEY (`id`),
  ADD KEY `jobs_queue_index` (`queue`);

--
-- Indexes for table `migrations`
--
ALTER TABLE `migrations`
  ADD PRIMARY KEY (`id`);

--
-- Indexes for table `organizations`
--
ALTER TABLE `organizations`
  ADD PRIMARY KEY (`id`),
  ADD UNIQUE KEY `name` (`name`);

--
-- Indexes for table `password_resets`
--
ALTER TABLE `password_resets`
  ADD KEY `password_resets_email_index` (`email`);

--
-- Indexes for table `personal_access_tokens`
--
ALTER TABLE `personal_access_tokens`
  ADD PRIMARY KEY (`id`),
  ADD UNIQUE KEY `personal_access_tokens_token_unique` (`token`),
  ADD KEY `personal_access_tokens_tokenable_type_tokenable_id_index` (`tokenable_type`,`tokenable_id`);

--
-- Indexes for table `segments`
--
ALTER TABLE `segments`
  ADD PRIMARY KEY (`id`),
  ADD UNIQUE KEY `name` (`name`);

--
-- Indexes for table `users`
--
ALTER TABLE `users`
  ADD PRIMARY KEY (`id`),
  ADD UNIQUE KEY `users_email_unique` (`email`);

--
-- AUTO_INCREMENT for dumped tables
--

--
-- AUTO_INCREMENT for table `audits`
--
ALTER TABLE `audits`
  MODIFY `id` bigint(20) UNSIGNED NOT NULL AUTO_INCREMENT, AUTO_INCREMENT=181;

--
-- AUTO_INCREMENT for table `campaigns`
--
ALTER TABLE `campaigns`
  MODIFY `id` bigint(20) UNSIGNED NOT NULL AUTO_INCREMENT, AUTO_INCREMENT=35;

--
-- AUTO_INCREMENT for table `campaign_details`
--
ALTER TABLE `campaign_details`
  MODIFY `id` bigint(20) UNSIGNED NOT NULL AUTO_INCREMENT, AUTO_INCREMENT=27;

--
-- AUTO_INCREMENT for table `categories`
--
ALTER TABLE `categories`
  MODIFY `id` bigint(20) UNSIGNED NOT NULL AUTO_INCREMENT, AUTO_INCREMENT=3;

--
-- AUTO_INCREMENT for table `contacts`
--
ALTER TABLE `contacts`
  MODIFY `id` bigint(20) UNSIGNED NOT NULL AUTO_INCREMENT, AUTO_INCREMENT=6;

--
-- AUTO_INCREMENT for table `contact_segment`
--
ALTER TABLE `contact_segment`
  MODIFY `id` bigint(20) UNSIGNED NOT NULL AUTO_INCREMENT, AUTO_INCREMENT=21;

--
-- AUTO_INCREMENT for table `failed_jobs`
--
ALTER TABLE `failed_jobs`
  MODIFY `id` bigint(20) UNSIGNED NOT NULL AUTO_INCREMENT, AUTO_INCREMENT=8;

--
-- AUTO_INCREMENT for table `jobs`
--
ALTER TABLE `jobs`
  MODIFY `id` bigint(20) UNSIGNED NOT NULL AUTO_INCREMENT, AUTO_INCREMENT=15;

--
-- AUTO_INCREMENT for table `migrations`
--
ALTER TABLE `migrations`
  MODIFY `id` int(10) UNSIGNED NOT NULL AUTO_INCREMENT, AUTO_INCREMENT=18;

--
-- AUTO_INCREMENT for table `organizations`
--
ALTER TABLE `organizations`
  MODIFY `id` bigint(20) UNSIGNED NOT NULL AUTO_INCREMENT, AUTO_INCREMENT=7;

--
-- AUTO_INCREMENT for table `personal_access_tokens`
--
ALTER TABLE `personal_access_tokens`
  MODIFY `id` bigint(20) UNSIGNED NOT NULL AUTO_INCREMENT;

--
-- AUTO_INCREMENT for table `segments`
--
ALTER TABLE `segments`
  MODIFY `id` bigint(20) UNSIGNED NOT NULL AUTO_INCREMENT, AUTO_INCREMENT=7;

--
-- AUTO_INCREMENT for table `users`
--
ALTER TABLE `users`
  MODIFY `id` bigint(20) UNSIGNED NOT NULL AUTO_INCREMENT, AUTO_INCREMENT=2;
COMMIT;

/*!40101 SET CHARACTER_SET_CLIENT=@OLD_CHARACTER_SET_CLIENT */;
/*!40101 SET CHARACTER_SET_RESULTS=@OLD_CHARACTER_SET_RESULTS */;
/*!40101 SET COLLATION_CONNECTION=@OLD_COLLATION_CONNECTION */;
